,name,code,date,open,high,low,close,volume
0,中材国际,600970,2024-10-09 09:35,11.18,11.19,10.77,10.98,31360
1,中材国际,600970,2024-10-09 09:40,10.99,11.14,10.93,10.98,18913
2,中材国际,600970,2024-10-09 09:45,10.99,11.08,10.96,11.05,14617
3,中材国际,600970,2024-10-09 09:50,11.05,11.15,11.03,11.15,11132
4,中材国际,600970,2024-10-09 09:55,11.14,11.22,11.08,11.1,17584
5,中材国际,600970,2024-10-09 10:00,11.11,11.12,10.98,11.0,15315
6,中材国际,600970,2024-10-09 10:05,11.0,11.03,10.93,11.01,17781
7,中材国际,600970,2024-10-09 10:10,11.01,11.05,10.96,10.97,11824
8,中材国际,600970,2024-10-09 10:15,10.97,11.04,10.97,10.99,8370
9,中材国际,600970,2024-10-09 10:20,11.0,11.02,10.95,10.97,9807
10,中材国际,600970,2024-10-09 10:25,10.99,11.01,10.96,10.96,5483
11,中材国际,600970,2024-10-09 10:30,10.98,11.0,10.93,10.95,5782
12,中材国际,600970,2024-10-09 10:35,10.96,11.0,10.91,10.91,7286
13,中材国际,600970,2024-10-09 10:40,10.91,10.97,10.89,10.9,8173
14,中材国际,600970,2024-10-09 10:45,10.89,11.0,10.89,10.96,4932
15,中材国际,600970,2024-10-09 10:50,10.95,11.0,10.94,10.95,5489
16,中材国际,600970,2024-10-09 10:55,10.95,11.0,10.92,10.92,3365
17,中材国际,600970,2024-10-09 11:00,10.92,10.98,10.88,10.89,4771
18,中材国际,600970,2024-10-09 11:05,10.89,10.97,10.87,10.89,5657
19,中材国际,600970,2024-10-09 11:10,10.89,10.9,10.8,10.81,7514
20,中材国际,600970,2024-10-09 11:15,10.82,10.89,10.8,10.8,7271
21,中材国际,600970,2024-10-09 11:20,10.8,10.8,10.66,10.68,9625
22,中材国际,600970,2024-10-09 11:25,10.65,10.73,10.6,10.71,9434
23,中材国际,600970,2024-10-09 11:30,10.71,10.85,10.71,10.81,4892
24,中材国际,600970,2024-10-09 13:05,10.81,10.96,10.81,10.95,9894
25,中材国际,600970,2024-10-09 13:10,10.95,11.03,10.9,11.0,7989
26,中材国际,600970,2024-10-09 13:15,11.0,11.0,10.9,10.9,3942
27,中材国际,600970,2024-10-09 13:20,10.9,10.99,10.88,10.95,4408
28,中材国际,600970,2024-10-09 13:25,10.95,11.02,10.92,11.01,4745
29,中材国际,600970,2024-10-09 13:30,10.99,11.01,10.96,10.96,2923
30,中材国际,600970,2024-10-09 13:35,10.96,11.04,10.95,11.03,5479
31,中材国际,600970,2024-10-09 13:40,11.03,11.07,11.0,11.02,5702
32,中材国际,600970,2024-10-09 13:45,11.03,11.03,10.92,10.92,4748
33,中材国际,600970,2024-10-09 13:50,10.93,11.0,10.92,10.94,4659
34,中材国际,600970,2024-10-09 13:55,10.95,10.95,10.9,10.93,3035
35,中材国际,600970,2024-10-09 14:00,10.93,10.93,10.88,10.88,3702
36,中材国际,600970,2024-10-09 14:05,10.88,10.94,10.88,10.92,4345
37,中材国际,600970,2024-10-09 14:10,10.91,10.95,10.86,10.86,4191
38,中材国际,600970,2024-10-09 14:15,10.86,10.91,10.86,10.88,3552
39,中材国际,600970,2024-10-09 14:20,10.88,10.89,10.86,10.87,3651
40,中材国际,600970,2024-10-09 14:25,10.86,10.87,10.82,10.86,3695
41,中材国际,600970,2024-10-09 14:30,10.86,10.93,10.86,10.87,4435
42,中材国际,600970,2024-10-09 14:35,10.87,10.88,10.82,10.82,3003
43,中材国际,600970,2024-10-09 14:40,10.82,10.84,10.79,10.83,5934
44,中材国际,600970,2024-10-09 14:45,10.83,10.89,10.77,10.79,6160
45,中材国际,600970,2024-10-09 14:50,10.76,10.78,10.68,10.7,10682
46,中材国际,600970,2024-10-09 14:55,10.69,10.74,10.69,10.73,11857
47,中材国际,600970,2024-10-09 15:00,10.73,10.73,10.71,10.72,4811
48,中材国际,600970,2024-10-10 09:35,10.81,11.18,10.81,10.98,25219
49,中材国际,600970,2024-10-10 09:40,10.96,11.02,10.86,10.95,21612
50,中材国际,600970,2024-10-10 09:45,10.95,11.02,10.93,10.97,12757
51,中材国际,600970,2024-10-10 09:50,10.98,10.98,10.82,10.87,9896
52,中材国际,600970,2024-10-10 09:55,10.86,10.86,10.71,10.72,10427
53,中材国际,600970,2024-10-10 10:00,10.72,10.78,10.71,10.76,14617
54,中材国际,600970,2024-10-10 10:05,10.75,10.81,10.73,10.77,7560
55,中材国际,600970,2024-10-10 10:10,10.77,10.81,10.72,10.74,4363
56,中材国际,600970,2024-10-10 10:15,10.74,10.77,10.7,10.72,10340
57,中材国际,600970,2024-10-10 10:20,10.73,10.75,10.62,10.73,7488
58,中材国际,600970,2024-10-10 10:25,10.72,10.76,10.72,10.73,2745
59,中材国际,600970,2024-10-10 10:30,10.72,10.8,10.69,10.76,6175
60,中材国际,600970,2024-10-10 10:35,10.75,10.85,10.75,10.84,4384
61,中材国际,600970,2024-10-10 10:40,10.84,10.89,10.79,10.88,3412
62,中材国际,600970,2024-10-10 10:45,10.87,10.88,10.82,10.86,3026
63,中材国际,600970,2024-10-10 10:50,10.86,10.9,10.81,10.9,3168
64,中材国际,600970,2024-10-10 10:55,10.89,10.97,10.84,10.96,10940
65,中材国际,600970,2024-10-10 11:00,10.96,11.16,10.96,11.1,17443
66,中材国际,600970,2024-10-10 11:05,11.1,11.2,11.06,11.19,12717
67,中材国际,600970,2024-10-10 11:10,11.19,11.26,11.14,11.24,15152
68,中材国际,600970,2024-10-10 11:15,11.25,11.27,11.18,11.27,9114
69,中材国际,600970,2024-10-10 11:20,11.26,11.36,11.26,11.33,16374
70,中材国际,600970,2024-10-10 11:25,11.34,11.35,11.26,11.3,8812
71,中材国际,600970,2024-10-10 11:30,11.29,11.42,11.29,11.35,13641
72,中材国际,600970,2024-10-10 13:05,11.37,11.56,11.37,11.52,30237
73,中材国际,600970,2024-10-10 13:10,11.53,11.54,11.44,11.44,19420
74,中材国际,600970,2024-10-10 13:15,11.44,11.46,11.36,11.37,11250
75,中材国际,600970,2024-10-10 13:20,11.37,11.47,11.37,11.41,10595
76,中材国际,600970,2024-10-10 13:25,11.41,11.45,11.36,11.43,6078
77,中材国际,600970,2024-10-10 13:30,11.43,11.48,11.37,11.44,8569
78,中材国际,600970,2024-10-10 13:35,11.44,11.45,11.4,11.4,6703
79,中材国际,600970,2024-10-10 13:40,11.41,11.45,11.4,11.41,5949
80,中材国际,600970,2024-10-10 13:45,11.43,11.48,11.37,11.47,7515
81,中材国际,600970,2024-10-10 13:50,11.47,11.49,11.43,11.45,7847
82,中材国际,600970,2024-10-10 13:55,11.46,11.46,11.38,11.38,5953
83,中材国际,600970,2024-10-10 14:00,11.38,11.4,11.33,11.4,8156
84,中材国际,600970,2024-10-10 14:05,11.39,11.42,11.28,11.31,8318
85,中材国际,600970,2024-10-10 14:10,11.3,11.35,11.28,11.35,6388
86,中材国际,600970,2024-10-10 14:15,11.35,11.36,11.29,11.3,7903
87,中材国际,600970,2024-10-10 14:20,11.29,11.3,11.22,11.22,5179
88,中材国际,600970,2024-10-10 14:25,11.22,11.28,11.22,11.25,5437
89,中材国际,600970,2024-10-10 14:30,11.25,11.26,11.22,11.22,4060
90,中材国际,600970,2024-10-10 14:35,11.22,11.3,11.22,11.25,6190
91,中材国际,600970,2024-10-10 14:40,11.26,11.27,11.21,11.22,10364
92,中材国际,600970,2024-10-10 14:45,11.22,11.23,11.2,11.21,5846
93,中材国际,600970,2024-10-10 14:50,11.21,11.22,11.19,11.2,13994
94,中材国际,600970,2024-10-10 14:55,11.2,11.22,11.19,11.22,7086
95,中材国际,600970,2024-10-10 15:00,11.22,11.24,11.21,11.22,8013
96,中材国际,600970,2024-10-11 09:35,11.03,11.03,10.8,10.98,26547
97,中材国际,600970,2024-10-11 09:40,10.98,11.02,10.85,10.92,16346
98,中材国际,600970,2024-10-11 09:45,10.94,10.98,10.9,10.97,10503
99,中材国际,600970,2024-10-11 09:50,10.96,11.01,10.9,10.98,7152
100,中材国际,600970,2024-10-11 09:55,10.98,11.03,10.91,10.92,8650
101,中材国际,600970,2024-10-11 10:00,10.91,10.96,10.89,10.96,8529
102,中材国际,600970,2024-10-11 10:05,10.94,10.94,10.87,10.92,8791
103,中材国际,600970,2024-10-11 10:10,10.93,10.95,10.88,10.91,9815
104,中材国际,600970,2024-10-11 10:15,10.92,10.97,10.9,10.96,7578
105,中材国际,600970,2024-10-11 10:20,10.95,10.95,10.91,10.94,6913
106,中材国际,600970,2024-10-11 10:25,10.94,11.01,10.92,11.01,5374
107,中材国际,600970,2024-10-11 10:30,11.0,11.01,10.96,10.97,4053
108,中材国际,600970,2024-10-11 10:35,10.97,11.01,10.96,11.0,3072
109,中材国际,600970,2024-10-11 10:40,11.0,11.02,10.96,10.97,3784
110,中材国际,600970,2024-10-11 10:45,10.97,10.97,10.93,10.94,3293
111,中材国际,600970,2024-10-11 10:50,10.94,10.97,10.94,10.95,2170
112,中材国际,600970,2024-10-11 10:55,10.95,10.96,10.92,10.92,3094
113,中材国际,600970,2024-10-11 11:00,10.91,10.98,10.91,10.98,3078
114,中材国际,600970,2024-10-11 11:05,10.97,11.02,10.96,11.02,3799
115,中材国际,600970,2024-10-11 11:10,11.01,11.01,10.96,10.97,2597
116,中材国际,600970,2024-10-11 11:15,10.97,10.97,10.94,10.95,1844
117,中材国际,600970,2024-10-11 11:20,10.95,10.96,10.93,10.95,2817
118,中材国际,600970,2024-10-11 11:25,10.94,10.98,10.94,10.95,2531
119,中材国际,600970,2024-10-11 11:30,10.95,10.95,10.91,10.93,3957
120,中材国际,600970,2024-10-11 13:05,10.93,10.94,10.9,10.9,4325
121,中材国际,600970,2024-10-11 13:10,10.9,10.9,10.87,10.87,5245
122,中材国际,600970,2024-10-11 13:15,10.87,10.89,10.85,10.85,8383
123,中材国际,600970,2024-10-11 13:20,10.84,10.9,10.83,10.88,7510
124,中材国际,600970,2024-10-11 13:25,10.87,10.94,10.87,10.94,4223
125,中材国际,600970,2024-10-11 13:30,10.93,10.93,10.9,10.91,3177
126,中材国际,600970,2024-10-11 13:35,10.9,10.9,10.86,10.86,3154
127,中材国际,600970,2024-10-11 13:40,10.86,10.87,10.84,10.86,2364
128,中材国际,600970,2024-10-11 13:45,10.87,10.88,10.82,10.82,3675
129,中材国际,600970,2024-10-11 13:50,10.82,10.83,10.78,10.78,7415
130,中材国际,600970,2024-10-11 13:55,10.78,10.81,10.77,10.8,4350
131,中材国际,600970,2024-10-11 14:00,10.8,10.81,10.77,10.78,2966
132,中材国际,600970,2024-10-11 14:05,10.77,10.79,10.76,10.76,4522
133,中材国际,600970,2024-10-11 14:10,10.76,10.76,10.71,10.72,4445
134,中材国际,600970,2024-10-11 14:15,10.72,10.74,10.7,10.71,3054
135,中材国际,600970,2024-10-11 14:20,10.71,10.73,10.68,10.71,6305
136,中材国际,600970,2024-10-11 14:25,10.72,10.77,10.69,10.72,3970
137,中材国际,600970,2024-10-11 14:30,10.74,10.75,10.71,10.73,4608
138,中材国际,600970,2024-10-11 14:35,10.74,10.75,10.65,10.67,6276
139,中材国际,600970,2024-10-11 14:40,10.67,10.68,10.64,10.65,4766
140,中材国际,600970,2024-10-11 14:45,10.65,10.66,10.59,10.66,9686
141,中材国际,600970,2024-10-11 14:50,10.66,10.71,10.66,10.7,4353
142,中材国际,600970,2024-10-11 14:55,10.7,10.73,10.69,10.71,4372
143,中材国际,600970,2024-10-11 15:00,10.72,10.72,10.69,10.71,3402
144,中材国际,600970,2024-10-14 09:35,10.8,11.0,10.72,10.85,20796
145,中材国际,600970,2024-10-14 09:40,10.88,10.98,10.84,10.93,12331
146,中材国际,600970,2024-10-14 09:45,10.93,10.95,10.86,10.95,8498
147,中材国际,600970,2024-10-14 09:50,10.95,11.03,10.91,10.92,11010
148,中材国际,600970,2024-10-14 09:55,10.92,10.92,10.84,10.86,7174
149,中材国际,600970,2024-10-14 10:00,10.85,10.87,10.77,10.8,5207
150,中材国际,600970,2024-10-14 10:05,10.79,10.81,10.73,10.81,13085
151,中材国际,600970,2024-10-14 10:10,10.81,10.81,10.68,10.75,5176
152,中材国际,600970,2024-10-14 10:15,10.74,10.82,10.74,10.8,4808
153,中材国际,600970,2024-10-14 10:20,10.83,10.84,10.75,10.76,2522
154,中材国际,600970,2024-10-14 10:25,10.77,10.79,10.73,10.77,1740
155,中材国际,600970,2024-10-14 10:30,10.76,10.78,10.73,10.75,1443
156,中材国际,600970,2024-10-14 10:35,10.75,10.84,10.74,10.82,2160
157,中材国际,600970,2024-10-14 10:40,10.82,10.88,10.77,10.85,2749
158,中材国际,600970,2024-10-14 10:45,10.85,10.85,10.77,10.8,1518
159,中材国际,600970,2024-10-14 10:50,10.81,10.84,10.78,10.79,1487
160,中材国际,600970,2024-10-14 10:55,10.8,10.88,10.79,10.88,1830
161,中材国际,600970,2024-10-14 11:00,10.87,10.89,10.82,10.83,1650
162,中材国际,600970,2024-10-14 11:05,10.83,10.87,10.79,10.84,3109
163,中材国际,600970,2024-10-14 11:10,10.84,10.91,10.84,10.91,2323
164,中材国际,600970,2024-10-14 11:15,10.91,10.96,10.88,10.94,4454
165,中材国际,600970,2024-10-14 11:20,10.94,10.94,10.9,10.92,3719
166,中材国际,600970,2024-10-14 11:25,10.92,10.95,10.91,10.95,1939
167,中材国际,600970,2024-10-14 11:30,10.95,10.98,10.91,10.98,3079
168,中材国际,600970,2024-10-14 13:05,10.97,11.09,10.97,11.03,8020
169,中材国际,600970,2024-10-14 13:10,11.03,11.03,10.95,10.95,4315
170,中材国际,600970,2024-10-14 13:15,10.95,10.97,10.93,10.95,1264
171,中材国际,600970,2024-10-14 13:20,10.94,10.96,10.91,10.95,2892
172,中材国际,600970,2024-10-14 13:25,10.95,10.96,10.93,10.93,2625
173,中材国际,600970,2024-10-14 13:30,10.93,10.98,10.91,10.96,4455
174,中材国际,600970,2024-10-14 13:35,10.96,10.97,10.89,10.91,6795
175,中材国际,600970,2024-10-14 13:40,10.9,10.94,10.9,10.93,1728
176,中材国际,600970,2024-10-14 13:45,10.92,10.93,10.85,10.87,2579
177,中材国际,600970,2024-10-14 13:50,10.88,10.88,10.83,10.84,4144
178,中材国际,600970,2024-10-14 13:55,10.84,10.85,10.82,10.84,4987
179,中材国际,600970,2024-10-14 14:00,10.84,10.86,10.82,10.85,2759
180,中材国际,600970,2024-10-14 14:05,10.85,10.85,10.81,10.82,2653
181,中材国际,600970,2024-10-14 14:10,10.82,10.86,10.8,10.82,3121
182,中材国际,600970,2024-10-14 14:15,10.82,10.83,10.8,10.82,2397
183,中材国际,600970,2024-10-14 14:20,10.82,10.83,10.79,10.79,2539
184,中材国际,600970,2024-10-14 14:25,10.79,10.81,10.79,10.81,1208
185,中材国际,600970,2024-10-14 14:30,10.8,10.87,10.8,10.86,2764
186,中材国际,600970,2024-10-14 14:35,10.85,10.87,10.83,10.83,2812
187,中材国际,600970,2024-10-14 14:40,10.83,10.87,10.83,10.85,2313
188,中材国际,600970,2024-10-14 14:45,10.85,10.87,10.85,10.85,3513
189,中材国际,600970,2024-10-14 14:50,10.85,10.86,10.84,10.86,3952
190,中材国际,600970,2024-10-14 14:55,10.86,10.87,10.84,10.86,4407
191,中材国际,600970,2024-10-14 15:00,10.86,10.88,10.85,10.88,4334
192,中材国际,600970,2024-10-15 09:35,10.88,10.89,10.62,10.85,15380
193,中材国际,600970,2024-10-15 09:40,10.83,10.88,10.81,10.87,5712
194,中材国际,600970,2024-10-15 09:45,10.86,10.93,10.84,10.91,9721
195,中材国际,600970,2024-10-15 09:50,10.91,10.95,10.85,10.86,3092
196,中材国际,600970,2024-10-15 09:55,10.86,10.89,10.84,10.84,4534
197,中材国际,600970,2024-10-15 10:00,10.84,10.84,10.78,10.84,4573
198,中材国际,600970,2024-10-15 10:05,10.84,10.88,10.81,10.87,3892
199,中材国际,600970,2024-10-15 10:10,10.86,10.87,10.81,10.81,2857
200,中材国际,600970,2024-10-15 10:15,10.81,10.81,10.75,10.78,11514
201,中材国际,600970,2024-10-15 10:20,10.79,10.81,10.76,10.78,3017
202,中材国际,600970,2024-10-15 10:25,10.79,10.87,10.79,10.86,4426
203,中材国际,600970,2024-10-15 10:30,10.86,10.89,10.83,10.84,3031
204,中材国际,600970,2024-10-15 10:35,10.84,10.87,10.8,10.81,1563
205,中材国际,600970,2024-10-15 10:40,10.81,10.82,10.79,10.79,1065
206,中材国际,600970,2024-10-15 10:45,10.79,10.79,10.73,10.75,2064
207,中材国际,600970,2024-10-15 10:50,10.73,10.75,10.71,10.73,2165
208,中材国际,600970,2024-10-15 10:55,10.73,10.76,10.72,10.74,3819
209,中材国际,600970,2024-10-15 11:00,10.74,10.76,10.73,10.74,1226
210,中材国际,600970,2024-10-15 11:05,10.75,10.84,10.74,10.77,3080
211,中材国际,600970,2024-10-15 11:10,10.77,10.78,10.72,10.72,1438
212,中材国际,600970,2024-10-15 11:15,10.72,10.76,10.71,10.73,1961
213,中材国际,600970,2024-10-15 11:20,10.73,10.75,10.72,10.75,1802
214,中材国际,600970,2024-10-15 11:25,10.76,10.77,10.71,10.72,1767
215,中材国际,600970,2024-10-15 11:30,10.72,10.76,10.71,10.76,1003
216,中材国际,600970,2024-10-15 13:05,10.76,10.76,10.68,10.69,5897
217,中材国际,600970,2024-10-15 13:10,10.68,10.69,10.66,10.67,3874
218,中材国际,600970,2024-10-15 13:15,10.67,10.67,10.63,10.65,4737
219,中材国际,600970,2024-10-15 13:20,10.65,10.65,10.61,10.64,4730
220,中材国际,600970,2024-10-15 13:25,10.64,10.65,10.61,10.63,3254
221,中材国际,600970,2024-10-15 13:30,10.62,10.63,10.6,10.6,5760
222,中材国际,600970,2024-10-15 13:35,10.61,10.65,10.59,10.61,3940
223,中材国际,600970,2024-10-15 13:40,10.62,10.63,10.6,10.63,1660
224,中材国际,600970,2024-10-15 13:45,10.62,10.64,10.61,10.64,1803
225,中材国际,600970,2024-10-15 13:50,10.65,10.67,10.61,10.66,2228
226,中材国际,600970,2024-10-15 13:55,10.66,10.66,10.63,10.63,3012
227,中材国际,600970,2024-10-15 14:00,10.63,10.66,10.62,10.65,3316
228,中材国际,600970,2024-10-15 14:05,10.65,10.66,10.6,10.6,4847
229,中材国际,600970,2024-10-15 14:10,10.61,10.61,10.59,10.59,2680
230,中材国际,600970,2024-10-15 14:15,10.62,10.62,10.6,10.62,2910
231,中材国际,600970,2024-10-15 14:20,10.63,10.63,10.57,10.59,4205
232,中材国际,600970,2024-10-15 14:25,10.59,10.59,10.56,10.59,3705
233,中材国际,600970,2024-10-15 14:30,10.59,10.6,10.56,10.58,3344
234,中材国际,600970,2024-10-15 14:35,10.59,10.62,10.58,10.59,3700
235,中材国际,600970,2024-10-15 14:40,10.58,10.6,10.57,10.57,2571
236,中材国际,600970,2024-10-15 14:45,10.57,10.58,10.55,10.55,3427
237,中材国际,600970,2024-10-15 14:50,10.56,10.57,10.54,10.54,3193
238,中材国际,600970,2024-10-15 14:55,10.54,10.56,10.53,10.54,5818
239,中材国际,600970,2024-10-15 15:00,10.54,10.55,10.53,10.53,3092
240,中材国际,600970,2024-10-16 09:35,10.31,10.59,10.31,10.56,14657
241,中材国际,600970,2024-10-16 09:40,10.56,10.58,10.48,10.55,5100
242,中材国际,600970,2024-10-16 09:45,10.56,10.65,10.54,10.64,4542
243,中材国际,600970,2024-10-16 09:50,10.64,10.69,10.62,10.62,6188
244,中材国际,600970,2024-10-16 09:55,10.62,10.69,10.62,10.69,2923
245,中材国际,600970,2024-10-16 10:00,10.69,10.69,10.64,10.66,2592
246,中材国际,600970,2024-10-16 10:05,10.67,10.67,10.6,10.61,3762
247,中材国际,600970,2024-10-16 10:10,10.61,10.63,10.56,10.57,4372
248,中材国际,600970,2024-10-16 10:15,10.58,10.61,10.55,10.57,3754
249,中材国际,600970,2024-10-16 10:20,10.56,10.56,10.48,10.49,3308
250,中材国际,600970,2024-10-16 10:25,10.49,10.55,10.49,10.53,2329
251,中材国际,600970,2024-10-16 10:30,10.54,10.54,10.48,10.5,2549
252,中材国际,600970,2024-10-16 10:35,10.51,10.55,10.47,10.52,2905
253,中材国际,600970,2024-10-16 10:40,10.53,10.55,10.5,10.54,1491
254,中材国际,600970,2024-10-16 10:45,10.54,10.59,10.53,10.54,2838
255,中材国际,600970,2024-10-16 10:50,10.55,10.62,10.54,10.6,2291
256,中材国际,600970,2024-10-16 10:55,10.6,10.62,10.55,10.59,1704
257,中材国际,600970,2024-10-16 11:00,10.59,10.61,10.58,10.59,1406
258,中材国际,600970,2024-10-16 11:05,10.6,10.62,10.57,10.62,2126
259,中材国际,600970,2024-10-16 11:10,10.62,10.68,10.62,10.66,3039
260,中材国际,600970,2024-10-16 11:15,10.67,10.7,10.66,10.69,5184
261,中材国际,600970,2024-10-16 11:20,10.69,10.69,10.65,10.66,2988
262,中材国际,600970,2024-10-16 11:25,10.65,10.67,10.64,10.65,1800
263,中材国际,600970,2024-10-16 11:30,10.65,10.65,10.62,10.63,2360
264,中材国际,600970,2024-10-16 13:05,10.63,10.69,10.63,10.66,3743
265,中材国际,600970,2024-10-16 13:10,10.65,10.67,10.58,10.59,2076
266,中材国际,600970,2024-10-16 13:15,10.59,10.59,10.55,10.56,1341
267,中材国际,600970,2024-10-16 13:20,10.56,10.58,10.56,10.56,1797
268,中材国际,600970,2024-10-16 13:25,10.57,10.57,10.54,10.54,1268
269,中材国际,600970,2024-10-16 13:30,10.55,10.55,10.53,10.55,1039
270,中材国际,600970,2024-10-16 13:35,10.55,10.55,10.5,10.53,1921
271,中材国际,600970,2024-10-16 13:40,10.53,10.54,10.51,10.52,771
272,中材国际,600970,2024-10-16 13:45,10.53,10.54,10.5,10.52,2244
273,中材国际,600970,2024-10-16 13:50,10.52,10.55,10.51,10.52,2066
274,中材国际,600970,2024-10-16 13:55,10.51,10.53,10.51,10.53,1675
275,中材国际,600970,2024-10-16 14:00,10.54,10.55,10.52,10.53,1108
276,中材国际,600970,2024-10-16 14:05,10.53,10.53,10.49,10.49,1497
277,中材国际,600970,2024-10-16 14:10,10.49,10.5,10.48,10.49,1872
278,中材国际,600970,2024-10-16 14:15,10.48,10.49,10.47,10.48,1092
279,中材国际,600970,2024-10-16 14:20,10.48,10.49,10.47,10.47,1354
280,中材国际,600970,2024-10-16 14:25,10.46,10.5,10.46,10.49,2659
281,中材国际,600970,2024-10-16 14:30,10.5,10.55,10.49,10.55,2253
282,中材国际,600970,2024-10-16 14:35,10.54,10.55,10.5,10.51,1395
283,中材国际,600970,2024-10-16 14:40,10.51,10.55,10.51,10.54,1992
284,中材国际,600970,2024-10-16 14:45,10.54,10.56,10.53,10.56,1077
285,中材国际,600970,2024-10-16 14:50,10.57,10.58,10.55,10.56,3597
286,中材国际,600970,2024-10-16 14:55,10.55,10.56,10.54,10.54,3202
287,中材国际,600970,2024-10-16 15:00,10.54,10.56,10.53,10.56,8325
288,中材国际,600970,2024-10-17 09:35,10.59,10.63,10.49,10.52,8524
289,中材国际,600970,2024-10-17 09:40,10.52,10.57,10.49,10.49,3545
290,中材国际,600970,2024-10-17 09:45,10.48,10.56,10.48,10.55,5254
291,中材国际,600970,2024-10-17 09:50,10.55,10.6,10.51,10.58,4549
292,中材国际,600970,2024-10-17 09:55,10.57,10.59,10.54,10.59,3428
293,中材国际,600970,2024-10-17 10:00,10.57,10.59,10.55,10.56,3915
294,中材国际,600970,2024-10-17 10:05,10.56,10.58,10.53,10.58,5234
295,中材国际,600970,2024-10-17 10:10,10.58,10.6,10.51,10.52,6940
296,中材国际,600970,2024-10-17 10:15,10.5,10.51,10.46,10.47,5893
297,中材国际,600970,2024-10-17 10:20,10.46,10.48,10.41,10.44,3565
298,中材国际,600970,2024-10-17 10:25,10.43,10.46,10.41,10.41,4836
299,中材国际,600970,2024-10-17 10:30,10.41,10.41,10.36,10.4,6032
300,中材国际,600970,2024-10-17 10:35,10.39,10.43,10.39,10.41,3123
301,中材国际,600970,2024-10-17 10:40,10.42,10.42,10.36,10.37,2651
302,中材国际,600970,2024-10-17 10:45,10.37,10.37,10.34,10.36,3790
303,中材国际,600970,2024-10-17 10:50,10.37,10.39,10.36,10.38,2429
304,中材国际,600970,2024-10-17 10:55,10.37,10.39,10.35,10.38,1363
305,中材国际,600970,2024-10-17 11:00,10.38,10.4,10.38,10.39,1138
306,中材国际,600970,2024-10-17 11:05,10.4,10.41,10.36,10.36,1992
307,中材国际,600970,2024-10-17 11:10,10.37,10.42,10.35,10.42,1794
308,中材国际,600970,2024-10-17 11:15,10.42,10.43,10.36,10.36,1691
309,中材国际,600970,2024-10-17 11:20,10.36,10.38,10.34,10.36,2413
310,中材国际,600970,2024-10-17 11:25,10.36,10.38,10.35,10.37,1212
311,中材国际,600970,2024-10-17 11:30,10.38,10.42,10.37,10.41,1499
312,中材国际,600970,2024-10-17 13:05,10.42,10.45,10.4,10.41,2749
313,中材国际,600970,2024-10-17 13:10,10.4,10.42,10.39,10.41,2437
314,中材国际,600970,2024-10-17 13:15,10.41,10.44,10.4,10.42,2257
315,中材国际,600970,2024-10-17 13:20,10.42,10.42,10.4,10.41,1246
316,中材国际,600970,2024-10-17 13:25,10.41,10.44,10.4,10.4,1750
317,中材国际,600970,2024-10-17 13:30,10.4,10.41,10.39,10.39,1873
318,中材国际,600970,2024-10-17 13:35,10.39,10.43,10.39,10.43,2032
319,中材国际,600970,2024-10-17 13:40,10.42,10.45,10.41,10.44,1591
320,中材国际,600970,2024-10-17 13:45,10.44,10.44,10.4,10.4,1267
321,中材国际,600970,2024-10-17 13:50,10.42,10.42,10.4,10.41,1098
322,中材国际,600970,2024-10-17 13:55,10.41,10.42,10.38,10.4,2628
323,中材国际,600970,2024-10-17 14:00,10.39,10.41,10.39,10.39,2476
324,中材国际,600970,2024-10-17 14:05,10.39,10.41,10.38,10.4,2148
325,中材国际,600970,2024-10-17 14:10,10.41,10.41,10.38,10.38,1445
326,中材国际,600970,2024-10-17 14:15,10.39,10.39,10.35,10.36,2193
327,中材国际,600970,2024-10-17 14:20,10.36,10.37,10.33,10.33,3738
328,中材国际,600970,2024-10-17 14:25,10.33,10.34,10.31,10.33,3322
329,中材国际,600970,2024-10-17 14:30,10.33,10.33,10.31,10.32,2131
330,中材国际,600970,2024-10-17 14:35,10.33,10.36,10.32,10.33,1984
331,中材国际,600970,2024-10-17 14:40,10.32,10.33,10.31,10.32,1861
332,中材国际,600970,2024-10-17 14:45,10.33,10.36,10.33,10.33,1923
333,中材国际,600970,2024-10-17 14:50,10.33,10.34,10.3,10.3,3840
334,中材国际,600970,2024-10-17 14:55,10.3,10.33,10.3,10.3,5596
335,中材国际,600970,2024-10-17 15:00,10.31,10.33,10.3,10.31,4388
336,中材国际,600970,2024-10-18 09:35,10.27,10.3,10.19,10.26,5307
337,中材国际,600970,2024-10-18 09:40,10.27,10.28,10.19,10.21,3635
338,中材国际,600970,2024-10-18 09:45,10.21,10.27,10.19,10.25,2971
339,中材国际,600970,2024-10-18 09:50,10.25,10.29,10.2,10.22,3848
340,中材国际,600970,2024-10-18 09:55,10.22,10.26,10.2,10.23,1641
341,中材国际,600970,2024-10-18 10:00,10.22,10.22,10.16,10.16,3145
342,中材国际,600970,2024-10-18 10:05,10.17,10.22,10.16,10.18,3245
343,中材国际,600970,2024-10-18 10:10,10.18,10.21,10.18,10.19,1880
344,中材国际,600970,2024-10-18 10:15,10.2,10.21,10.16,10.17,1827
345,中材国际,600970,2024-10-18 10:20,10.17,10.23,10.17,10.23,3479
346,中材国际,600970,2024-10-18 10:25,10.23,10.25,10.2,10.23,2024
347,中材国际,600970,2024-10-18 10:30,10.24,10.27,10.21,10.27,2258
348,中材国际,600970,2024-10-18 10:35,10.26,10.34,10.26,10.33,3501
349,中材国际,600970,2024-10-18 10:40,10.33,10.37,10.3,10.37,4327
350,中材国际,600970,2024-10-18 10:45,10.37,10.39,10.31,10.32,4725
351,中材国际,600970,2024-10-18 10:50,10.32,10.37,10.3,10.32,4116
352,中材国际,600970,2024-10-18 10:55,10.31,10.32,10.26,10.27,2505
353,中材国际,600970,2024-10-18 11:00,10.27,10.31,10.26,10.28,1969
354,中材国际,600970,2024-10-18 11:05,10.27,10.28,10.25,10.25,932
355,中材国际,600970,2024-10-18 11:10,10.27,10.29,10.25,10.26,961
356,中材国际,600970,2024-10-18 11:15,10.26,10.27,10.25,10.27,2318
357,中材国际,600970,2024-10-18 11:20,10.26,10.29,10.25,10.27,922
358,中材国际,600970,2024-10-18 11:25,10.27,10.27,10.23,10.25,1036
359,中材国际,600970,2024-10-18 11:30,10.24,10.28,10.22,10.26,846
360,中材国际,600970,2024-10-18 13:05,10.26,10.35,10.26,10.34,4546
361,中材国际,600970,2024-10-18 13:10,10.33,10.38,10.31,10.37,3399
362,中材国际,600970,2024-10-18 13:15,10.36,10.39,10.35,10.38,3577
363,中材国际,600970,2024-10-18 13:20,10.39,10.45,10.37,10.41,6933
364,中材国际,600970,2024-10-18 13:25,10.41,10.45,10.39,10.44,11473
365,中材国际,600970,2024-10-18 13:30,10.43,10.43,10.39,10.41,6826
366,中材国际,600970,2024-10-18 13:35,10.41,10.42,10.39,10.41,3141
367,中材国际,600970,2024-10-18 13:40,10.41,10.47,10.41,10.45,4486
368,中材国际,600970,2024-10-18 13:45,10.44,10.48,10.43,10.46,2848
369,中材国际,600970,2024-10-18 13:50,10.47,10.51,10.46,10.49,5336
370,中材国际,600970,2024-10-18 13:55,10.48,10.55,10.48,10.54,6649
371,中材国际,600970,2024-10-18 14:00,10.54,10.6,10.52,10.57,7531
372,中材国际,600970,2024-10-18 14:05,10.59,10.6,10.53,10.56,6473
373,中材国际,600970,2024-10-18 14:10,10.55,10.58,10.54,10.56,4194
374,中材国际,600970,2024-10-18 14:15,10.58,10.59,10.56,10.58,4478
375,中材国际,600970,2024-10-18 14:20,10.58,10.69,10.57,10.66,10304
376,中材国际,600970,2024-10-18 14:25,10.68,10.71,10.65,10.68,14946
377,中材国际,600970,2024-10-18 14:30,10.69,10.75,10.67,10.72,8513
378,中材国际,600970,2024-10-18 14:35,10.71,10.77,10.71,10.77,9051
379,中材国际,600970,2024-10-18 14:40,10.76,10.85,10.76,10.82,10122
380,中材国际,600970,2024-10-18 14:45,10.82,10.87,10.74,10.74,8816
381,中材国际,600970,2024-10-18 14:50,10.76,10.76,10.64,10.66,4459
382,中材国际,600970,2024-10-18 14:55,10.65,10.65,10.6,10.6,6430
383,中材国际,600970,2024-10-18 15:00,10.6,10.61,10.57,10.61,4090
384,中材国际,600970,2024-10-21 09:35,10.65,10.68,10.51,10.55,11581
385,中材国际,600970,2024-10-21 09:40,10.54,10.57,10.48,10.52,10619
386,中材国际,600970,2024-10-21 09:45,10.53,10.57,10.5,10.56,5447
387,中材国际,600970,2024-10-21 09:50,10.56,10.56,10.48,10.48,5481
388,中材国际,600970,2024-10-21 09:55,10.48,10.48,10.45,10.47,5243
389,中材国际,600970,2024-10-21 10:00,10.46,10.46,10.41,10.43,6857
390,中材国际,600970,2024-10-21 10:05,10.42,10.48,10.42,10.48,2781
391,中材国际,600970,2024-10-21 10:10,10.47,10.53,10.47,10.51,3848
392,中材国际,600970,2024-10-21 10:15,10.51,10.57,10.49,10.57,2655
393,中材国际,600970,2024-10-21 10:20,10.57,10.63,10.54,10.59,4953
394,中材国际,600970,2024-10-21 10:25,10.59,10.6,10.54,10.54,3224
395,中材国际,600970,2024-10-21 10:30,10.54,10.6,10.52,10.59,2028
396,中材国际,600970,2024-10-21 10:35,10.59,10.6,10.55,10.58,2092
397,中材国际,600970,2024-10-21 10:40,10.59,10.61,10.58,10.6,2643
398,中材国际,600970,2024-10-21 10:45,10.6,10.6,10.54,10.55,2820
399,中材国际,600970,2024-10-21 10:50,10.56,10.56,10.52,10.55,2525
400,中材国际,600970,2024-10-21 10:55,10.55,10.55,10.53,10.54,1160
401,中材国际,600970,2024-10-21 11:00,10.53,10.53,10.5,10.5,3145
402,中材国际,600970,2024-10-21 11:05,10.51,10.51,10.47,10.5,2174
403,中材国际,600970,2024-10-21 11:10,10.51,10.53,10.5,10.52,1510
404,中材国际,600970,2024-10-21 11:15,10.51,10.53,10.49,10.5,1836
405,中材国际,600970,2024-10-21 11:20,10.52,10.54,10.5,10.54,2026
406,中材国际,600970,2024-10-21 11:25,10.54,10.56,10.52,10.52,1982
407,中材国际,600970,2024-10-21 11:30,10.52,10.58,10.52,10.56,1741
408,中材国际,600970,2024-10-21 13:05,10.56,10.67,10.56,10.67,7067
409,中材国际,600970,2024-10-21 13:10,10.66,10.69,10.63,10.68,6654
410,中材国际,600970,2024-10-21 13:15,10.69,10.69,10.6,10.62,2693
411,中材国际,600970,2024-10-21 13:20,10.62,10.64,10.58,10.58,6775
412,中材国际,600970,2024-10-21 13:25,10.59,10.6,10.57,10.57,2765
413,中材国际,600970,2024-10-21 13:30,10.57,10.59,10.53,10.54,4048
414,中材国际,600970,2024-10-21 13:35,10.54,10.58,10.54,10.56,4024
415,中材国际,600970,2024-10-21 13:40,10.55,10.57,10.52,10.55,3642
416,中材国际,600970,2024-10-21 13:45,10.55,10.59,10.53,10.57,4249
417,中材国际,600970,2024-10-21 13:50,10.56,10.58,10.54,10.54,4262
418,中材国际,600970,2024-10-21 13:55,10.54,10.55,10.49,10.5,4751
419,中材国际,600970,2024-10-21 14:00,10.5,10.51,10.48,10.48,2969
420,中材国际,600970,2024-10-21 14:05,10.48,10.52,10.47,10.5,3030
421,中材国际,600970,2024-10-21 14:10,10.52,10.56,10.52,10.55,3218
422,中材国际,600970,2024-10-21 14:15,10.56,10.59,10.55,10.57,1742
423,中材国际,600970,2024-10-21 14:20,10.56,10.57,10.54,10.56,1431
424,中材国际,600970,2024-10-21 14:25,10.56,10.57,10.54,10.54,1291
425,中材国际,600970,2024-10-21 14:30,10.55,10.58,10.54,10.57,2664
426,中材国际,600970,2024-10-21 14:35,10.56,10.59,10.56,10.59,2003
427,中材国际,600970,2024-10-21 14:40,10.58,10.59,10.57,10.58,1631
428,中材国际,600970,2024-10-21 14:45,10.58,10.6,10.57,10.59,1849
429,中材国际,600970,2024-10-21 14:50,10.59,10.59,10.54,10.57,2141
430,中材国际,600970,2024-10-21 14:55,10.56,10.58,10.55,10.57,2578
431,中材国际,600970,2024-10-21 15:00,10.57,10.59,10.57,10.58,4181
432,中材国际,600970,2024-10-22 09:35,10.67,10.67,10.5,10.54,8192
433,中材国际,600970,2024-10-22 09:40,10.55,10.61,10.55,10.55,5112
434,中材国际,600970,2024-10-22 09:45,10.55,10.56,10.51,10.55,3561
435,中材国际,600970,2024-10-22 09:50,10.55,10.56,10.5,10.52,2961
436,中材国际,600970,2024-10-22 09:55,10.51,10.56,10.51,10.54,2196
437,中材国际,600970,2024-10-22 10:00,10.54,10.55,10.51,10.52,2469
438,中材国际,600970,2024-10-22 10:05,10.52,10.57,10.52,10.55,2442
439,中材国际,600970,2024-10-22 10:10,10.55,10.59,10.54,10.55,2896
440,中材国际,600970,2024-10-22 10:15,10.55,10.56,10.53,10.55,1597
441,中材国际,600970,2024-10-22 10:20,10.54,10.58,10.54,10.55,1774
442,中材国际,600970,2024-10-22 10:25,10.55,10.58,10.55,10.58,1771
443,中材国际,600970,2024-10-22 10:30,10.58,10.58,10.55,10.57,2144
444,中材国际,600970,2024-10-22 10:35,10.56,10.58,10.56,10.57,1165
445,中材国际,600970,2024-10-22 10:40,10.57,10.57,10.53,10.54,1291
446,中材国际,600970,2024-10-22 10:45,10.54,10.55,10.53,10.54,1036
447,中材国际,600970,2024-10-22 10:50,10.54,10.58,10.53,10.55,2128
448,中材国际,600970,2024-10-22 10:55,10.55,10.57,10.52,10.54,1694
449,中材国际,600970,2024-10-22 11:00,10.53,10.54,10.52,10.52,1482
450,中材国际,600970,2024-10-22 11:05,10.51,10.53,10.51,10.51,1388
451,中材国际,600970,2024-10-22 11:10,10.51,10.55,10.51,10.52,1708
452,中材国际,600970,2024-10-22 11:15,10.52,10.53,10.51,10.51,2017
453,中材国际,600970,2024-10-22 11:20,10.51,10.51,10.49,10.49,3976
454,中材国际,600970,2024-10-22 11:25,10.49,10.53,10.49,10.51,3081
455,中材国际,600970,2024-10-22 11:30,10.51,10.56,10.5,10.55,2352
456,中材国际,600970,2024-10-22 13:05,10.56,10.65,10.56,10.6,8630
457,中材国际,600970,2024-10-22 13:10,10.61,10.61,10.57,10.61,3620
458,中材国际,600970,2024-10-22 13:15,10.61,10.61,10.57,10.58,2457
459,中材国际,600970,2024-10-22 13:20,10.59,10.61,10.57,10.57,3557
460,中材国际,600970,2024-10-22 13:25,10.57,10.58,10.54,10.54,1532
461,中材国际,600970,2024-10-22 13:30,10.54,10.55,10.53,10.54,4667
462,中材国际,600970,2024-10-22 13:35,10.54,10.57,10.52,10.54,4469
463,中材国际,600970,2024-10-22 13:40,10.56,10.57,10.55,10.56,1873
464,中材国际,600970,2024-10-22 13:45,10.55,10.56,10.51,10.51,2545
465,中材国际,600970,2024-10-22 13:50,10.51,10.51,10.49,10.49,2743
466,中材国际,600970,2024-10-22 13:55,10.5,10.52,10.48,10.51,3734
467,中材国际,600970,2024-10-22 14:00,10.5,10.53,10.5,10.53,2074
468,中材国际,600970,2024-10-22 14:05,10.53,10.55,10.52,10.53,1575
469,中材国际,600970,2024-10-22 14:10,10.54,10.57,10.5,10.56,4498
470,中材国际,600970,2024-10-22 14:15,10.55,10.56,10.54,10.55,851
471,中材国际,600970,2024-10-22 14:20,10.55,10.59,10.55,10.58,1796
472,中材国际,600970,2024-10-22 14:25,10.57,10.59,10.55,10.59,2734
473,中材国际,600970,2024-10-22 14:30,10.59,10.6,10.58,10.59,1534
474,中材国际,600970,2024-10-22 14:35,10.6,10.6,10.56,10.56,2124
475,中材国际,600970,2024-10-22 14:40,10.56,10.57,10.56,10.56,1656
476,中材国际,600970,2024-10-22 14:45,10.56,10.59,10.56,10.58,1717
477,中材国际,600970,2024-10-22 14:50,10.58,10.59,10.56,10.58,2503
478,中材国际,600970,2024-10-22 14:55,10.57,10.59,10.57,10.58,1962
479,中材国际,600970,2024-10-22 15:00,10.59,10.6,10.58,10.6,4552
480,中材国际,600970,2024-10-23 09:35,10.64,10.69,10.55,10.68,11403
481,中材国际,600970,2024-10-23 09:40,10.7,10.72,10.65,10.71,8791
482,中材国际,600970,2024-10-23 09:45,10.71,10.73,10.67,10.68,6757
483,中材国际,600970,2024-10-23 09:50,10.67,10.67,10.6,10.62,3141
484,中材国际,600970,2024-10-23 09:55,10.61,10.61,10.56,10.56,5454
485,中材国际,600970,2024-10-23 10:00,10.56,10.58,10.52,10.55,7403
486,中材国际,600970,2024-10-23 10:05,10.55,10.58,10.53,10.58,9259
487,中材国际,600970,2024-10-23 10:10,10.57,10.6,10.56,10.59,2257
488,中材国际,600970,2024-10-23 10:15,10.6,10.64,10.58,10.58,2038
489,中材国际,600970,2024-10-23 10:20,10.59,10.6,10.58,10.6,1989
490,中材国际,600970,2024-10-23 10:25,10.6,10.62,10.59,10.61,1302
491,中材国际,600970,2024-10-23 10:30,10.61,10.62,10.58,10.59,1569
492,中材国际,600970,2024-10-23 10:35,10.59,10.61,10.58,10.6,1159
493,中材国际,600970,2024-10-23 10:40,10.6,10.61,10.59,10.59,1991
494,中材国际,600970,2024-10-23 10:45,10.59,10.59,10.55,10.58,1931
495,中材国际,600970,2024-10-23 10:50,10.58,10.58,10.55,10.55,1219
496,中材国际,600970,2024-10-23 10:55,10.56,10.57,10.52,10.53,4580
497,中材国际,600970,2024-10-23 11:00,10.53,10.58,10.53,10.56,2652
498,中材国际,600970,2024-10-23 11:05,10.56,10.57,10.55,10.56,810
499,中材国际,600970,2024-10-23 11:10,10.56,10.6,10.56,10.59,1521
500,中材国际,600970,2024-10-23 11:15,10.59,10.6,10.58,10.59,1623
501,中材国际,600970,2024-10-23 11:20,10.59,10.62,10.58,10.6,5940
502,中材国际,600970,2024-10-23 11:25,10.59,10.62,10.58,10.59,2450
503,中材国际,600970,2024-10-23 11:30,10.59,10.61,10.59,10.61,881
504,中材国际,600970,2024-10-23 13:05,10.61,10.65,10.59,10.6,12247
505,中材国际,600970,2024-10-23 13:10,10.6,10.62,10.6,10.62,4869
506,中材国际,600970,2024-10-23 13:15,10.63,10.64,10.59,10.64,7385
507,中材国际,600970,2024-10-23 13:20,10.64,10.66,10.63,10.63,4682
508,中材国际,600970,2024-10-23 13:25,10.63,10.64,10.62,10.62,1882
509,中材国际,600970,2024-10-23 13:30,10.63,10.63,10.6,10.6,1334
510,中材国际,600970,2024-10-23 13:35,10.6,10.63,10.6,10.63,1828
511,中材国际,600970,2024-10-23 13:40,10.62,10.63,10.6,10.6,1639
512,中材国际,600970,2024-10-23 13:45,10.61,10.61,10.57,10.58,2780
513,中材国际,600970,2024-10-23 13:50,10.58,10.6,10.57,10.6,1354
514,中材国际,600970,2024-10-23 13:55,10.59,10.6,10.59,10.59,1420
515,中材国际,600970,2024-10-23 14:00,10.6,10.61,10.58,10.59,2204
516,中材国际,600970,2024-10-23 14:05,10.59,10.6,10.54,10.55,4489
517,中材国际,600970,2024-10-23 14:10,10.55,10.56,10.53,10.53,1955
518,中材国际,600970,2024-10-23 14:15,10.53,10.55,10.52,10.53,3388
519,中材国际,600970,2024-10-23 14:20,10.54,10.56,10.53,10.55,1132
520,中材国际,600970,2024-10-23 14:25,10.56,10.57,10.54,10.57,1540
521,中材国际,600970,2024-10-23 14:30,10.58,10.59,10.56,10.57,1634
522,中材国际,600970,2024-10-23 14:35,10.57,10.59,10.55,10.55,1376
523,中材国际,600970,2024-10-23 14:40,10.56,10.58,10.54,10.55,2738
524,中材国际,600970,2024-10-23 14:45,10.55,10.56,10.52,10.54,4329
525,中材国际,600970,2024-10-23 14:50,10.53,10.54,10.5,10.51,4323
526,中材国际,600970,2024-10-23 14:55,10.51,10.55,10.51,10.54,1610
527,中材国际,600970,2024-10-23 15:00,10.55,10.56,10.54,10.56,3369
528,中材国际,600970,2024-10-24 09:35,10.5,10.52,10.41,10.49,7490
529,中材国际,600970,2024-10-24 09:40,10.5,10.5,10.46,10.47,2889
530,中材国际,600970,2024-10-24 09:45,10.48,10.48,10.42,10.48,6687
531,中材国际,600970,2024-10-24 09:50,10.49,10.49,10.4,10.42,4383
532,中材国际,600970,2024-10-24 09:55,10.4,10.44,10.38,10.41,5776
533,中材国际,600970,2024-10-24 10:00,10.42,10.42,10.37,10.37,5319
534,中材国际,600970,2024-10-24 10:05,10.38,10.4,10.35,10.36,7109
535,中材国际,600970,2024-10-24 10:10,10.37,10.39,10.36,10.37,3377
536,中材国际,600970,2024-10-24 10:15,10.37,10.39,10.35,10.38,3653
537,中材国际,600970,2024-10-24 10:20,10.38,10.39,10.35,10.37,4046
538,中材国际,600970,2024-10-24 10:25,10.38,10.38,10.33,10.35,3961
539,中材国际,600970,2024-10-24 10:30,10.36,10.38,10.36,10.36,1785
540,中材国际,600970,2024-10-24 10:35,10.36,10.38,10.36,10.38,2423
541,中材国际,600970,2024-10-24 10:40,10.39,10.39,10.35,10.35,1876
542,中材国际,600970,2024-10-24 10:45,10.35,10.36,10.31,10.32,4810
543,中材国际,600970,2024-10-24 10:50,10.32,10.33,10.31,10.32,1763
544,中材国际,600970,2024-10-24 10:55,10.33,10.34,10.31,10.31,2225
545,中材国际,600970,2024-10-24 11:00,10.32,10.32,10.3,10.32,2876
546,中材国际,600970,2024-10-24 11:05,10.32,10.34,10.31,10.33,2435
547,中材国际,600970,2024-10-24 11:10,10.33,10.35,10.33,10.33,2307
548,中材国际,600970,2024-10-24 11:15,10.34,10.35,10.31,10.31,1151
549,中材国际,600970,2024-10-24 11:20,10.32,10.32,10.3,10.32,2172
550,中材国际,600970,2024-10-24 11:25,10.31,10.32,10.31,10.31,1591
551,中材国际,600970,2024-10-24 11:30,10.31,10.36,10.31,10.36,4261
552,中材国际,600970,2024-10-24 13:05,10.37,10.37,10.32,10.34,2996
553,中材国际,600970,2024-10-24 13:10,10.33,10.34,10.31,10.32,1812
554,中材国际,600970,2024-10-24 13:15,10.32,10.33,10.3,10.31,3311
555,中材国际,600970,2024-10-24 13:20,10.31,10.32,10.3,10.32,1359
556,中材国际,600970,2024-10-24 13:25,10.31,10.32,10.28,10.29,3839
557,中材国际,600970,2024-10-24 13:30,10.29,10.3,10.26,10.27,4498
558,中材国际,600970,2024-10-24 13:35,10.27,10.28,10.26,10.26,1867
559,中材国际,600970,2024-10-24 13:40,10.26,10.29,10.25,10.26,3748
560,中材国际,600970,2024-10-24 13:45,10.26,10.28,10.26,10.27,2034
561,中材国际,600970,2024-10-24 13:50,10.27,10.28,10.24,10.26,2428
562,中材国际,600970,2024-10-24 13:55,10.26,10.29,10.22,10.24,6034
563,中材国际,600970,2024-10-24 14:00,10.24,10.26,10.22,10.23,14534
564,中材国际,600970,2024-10-24 14:05,10.22,10.25,10.21,10.23,7677
565,中材国际,600970,2024-10-24 14:10,10.22,10.24,10.2,10.21,10380
566,中材国际,600970,2024-10-24 14:15,10.22,10.23,10.18,10.19,10330
567,中材国际,600970,2024-10-24 14:20,10.18,10.19,10.17,10.17,5196
568,中材国际,600970,2024-10-24 14:25,10.18,10.21,10.18,10.19,5160
569,中材国际,600970,2024-10-24 14:30,10.2,10.21,10.19,10.2,2258
570,中材国际,600970,2024-10-24 14:35,10.2,10.21,10.19,10.2,3506
571,中材国际,600970,2024-10-24 14:40,10.19,10.22,10.19,10.21,2362
572,中材国际,600970,2024-10-24 14:45,10.22,10.22,10.2,10.22,2257
573,中材国际,600970,2024-10-24 14:50,10.21,10.23,10.2,10.21,2816
574,中材国际,600970,2024-10-24 14:55,10.2,10.24,10.2,10.23,5910
575,中材国际,600970,2024-10-24 15:00,10.23,10.24,10.23,10.24,5151
576,中材国际,600970,2024-10-25 09:35,10.18,10.29,10.18,10.28,5586
577,中材国际,600970,2024-10-25 09:40,10.28,10.28,10.25,10.26,2778
578,中材国际,600970,2024-10-25 09:45,10.26,10.29,10.26,10.27,2213
579,中材国际,600970,2024-10-25 09:50,10.26,10.3,10.26,10.29,2619
580,中材国际,600970,2024-10-25 09:55,10.28,10.3,10.26,10.28,1855
581,中材国际,600970,2024-10-25 10:00,10.27,10.31,10.27,10.31,1699
582,中材国际,600970,2024-10-25 10:05,10.32,10.33,10.3,10.3,1512
583,中材国际,600970,2024-10-25 10:10,10.3,10.3,10.28,10.3,1010
584,中材国际,600970,2024-10-25 10:15,10.3,10.34,10.3,10.34,4062
585,中材国际,600970,2024-10-25 10:20,10.34,10.4,10.34,10.38,6997
586,中材国际,600970,2024-10-25 10:25,10.38,10.39,10.37,10.38,2118
587,中材国际,600970,2024-10-25 10:30,10.38,10.38,10.35,10.37,1589
588,中材国际,600970,2024-10-25 10:35,10.36,10.38,10.32,10.33,1383
589,中材国际,600970,2024-10-25 10:40,10.33,10.35,10.33,10.34,773
590,中材国际,600970,2024-10-25 10:45,10.34,10.35,10.32,10.34,787
591,中材国际,600970,2024-10-25 10:50,10.35,10.37,10.34,10.36,841
592,中材国际,600970,2024-10-25 10:55,10.36,10.39,10.35,10.39,2291
593,中材国际,600970,2024-10-25 11:00,10.39,10.4,10.37,10.38,2163
594,中材国际,600970,2024-10-25 11:05,10.38,10.4,10.37,10.39,2820
595,中材国际,600970,2024-10-25 11:10,10.39,10.41,10.38,10.4,3462
596,中材国际,600970,2024-10-25 11:15,10.4,10.4,10.38,10.39,1079
597,中材国际,600970,2024-10-25 11:20,10.39,10.39,10.36,10.39,2063
598,中材国际,600970,2024-10-25 11:25,10.39,10.4,10.38,10.39,1591
599,中材国际,600970,2024-10-25 11:30,10.39,10.4,10.39,10.4,1248
600,中材国际,600970,2024-10-25 13:05,10.39,10.48,10.39,10.39,14081
601,中材国际,600970,2024-10-25 13:10,10.42,10.44,10.37,10.39,4878
602,中材国际,600970,2024-10-25 13:15,10.4,10.4,10.35,10.36,3042
603,中材国际,600970,2024-10-25 13:20,10.36,10.37,10.34,10.35,3495
604,中材国际,600970,2024-10-25 13:25,10.34,10.35,10.33,10.34,1190
605,中材国际,600970,2024-10-25 13:30,10.34,10.37,10.34,10.36,1664
606,中材国际,600970,2024-10-25 13:35,10.36,10.37,10.33,10.35,1818
607,中材国际,600970,2024-10-25 13:40,10.34,10.35,10.32,10.33,1232
608,中材国际,600970,2024-10-25 13:45,10.33,10.34,10.33,10.34,597
609,中材国际,600970,2024-10-25 13:50,10.34,10.34,10.3,10.32,8623
610,中材国际,600970,2024-10-25 13:55,10.32,10.33,10.3,10.31,1946
611,中材国际,600970,2024-10-25 14:00,10.31,10.33,10.31,10.33,2480
612,中材国际,600970,2024-10-25 14:05,10.32,10.33,10.25,10.25,5056
613,中材国际,600970,2024-10-25 14:10,10.27,10.29,10.25,10.28,2810
614,中材国际,600970,2024-10-25 14:15,10.27,10.29,10.27,10.28,1030
615,中材国际,600970,2024-10-25 14:20,10.27,10.29,10.27,10.29,1502
616,中材国际,600970,2024-10-25 14:25,10.28,10.29,10.26,10.27,4261
617,中材国际,600970,2024-10-25 14:30,10.27,10.28,10.26,10.26,893
618,中材国际,600970,2024-10-25 14:35,10.27,10.29,10.26,10.27,2458
619,中材国际,600970,2024-10-25 14:40,10.28,10.29,10.27,10.27,1540
620,中材国际,600970,2024-10-25 14:45,10.26,10.27,10.25,10.27,2379
621,中材国际,600970,2024-10-25 14:50,10.26,10.27,10.26,10.27,2420
622,中材国际,600970,2024-10-25 14:55,10.26,10.28,10.26,10.28,3486
623,中材国际,600970,2024-10-25 15:00,10.28,10.3,10.28,10.3,2203
624,中材国际,600970,2024-10-28 09:35,10.3,10.35,10.1,10.15,16490
625,中材国际,600970,2024-10-28 09:40,10.14,10.15,10.09,10.13,13964
626,中材国际,600970,2024-10-28 09:45,10.14,10.21,10.13,10.18,6049
627,中材国际,600970,2024-10-28 09:50,10.19,10.22,10.16,10.16,3855
628,中材国际,600970,2024-10-28 09:55,10.16,10.18,10.14,10.15,6222
629,中材国际,600970,2024-10-28 10:00,10.15,10.18,10.14,10.18,3806
630,中材国际,600970,2024-10-28 10:05,10.18,10.27,10.17,10.26,6068
631,中材国际,600970,2024-10-28 10:10,10.27,10.33,10.26,10.33,7201
632,中材国际,600970,2024-10-28 10:15,10.32,10.32,10.26,10.29,3527
633,中材国际,600970,2024-10-28 10:20,10.29,10.3,10.27,10.29,4226
634,中材国际,600970,2024-10-28 10:25,10.3,10.32,10.27,10.29,21003
635,中材国际,600970,2024-10-28 10:30,10.28,10.3,10.21,10.24,8395
636,中材国际,600970,2024-10-28 10:35,10.24,10.25,10.22,10.24,2819
637,中材国际,600970,2024-10-28 10:40,10.24,10.25,10.2,10.24,9996
638,中材国际,600970,2024-10-28 10:45,10.23,10.24,10.21,10.23,2620
639,中材国际,600970,2024-10-28 10:50,10.23,10.27,10.23,10.27,5129
640,中材国际,600970,2024-10-28 10:55,10.27,10.27,10.21,10.24,4333
641,中材国际,600970,2024-10-28 11:00,10.23,10.24,10.21,10.22,2615
642,中材国际,600970,2024-10-28 11:05,10.22,10.23,10.2,10.21,5720
643,中材国际,600970,2024-10-28 11:10,10.2,10.2,10.17,10.18,5970
644,中材国际,600970,2024-10-28 11:15,10.17,10.19,10.16,10.17,6368
645,中材国际,600970,2024-10-28 11:20,10.16,10.18,10.16,10.17,3808
646,中材国际,600970,2024-10-28 11:25,10.18,10.18,10.16,10.16,3403
647,中材国际,600970,2024-10-28 11:30,10.16,10.21,10.16,10.2,4315
648,中材国际,600970,2024-10-28 13:05,10.22,10.24,10.18,10.2,4773
649,中材国际,600970,2024-10-28 13:10,10.19,10.23,10.18,10.23,5828
650,中材国际,600970,2024-10-28 13:15,10.21,10.25,10.2,10.24,4035
651,中材国际,600970,2024-10-28 13:20,10.24,10.26,10.21,10.21,4300
652,中材国际,600970,2024-10-28 13:25,10.21,10.23,10.2,10.22,4732
653,中材国际,600970,2024-10-28 13:30,10.23,10.26,10.22,10.24,3222
654,中材国际,600970,2024-10-28 13:35,10.24,10.25,10.23,10.23,3254
655,中材国际,600970,2024-10-28 13:40,10.24,10.28,10.23,10.25,3458
656,中材国际,600970,2024-10-28 13:45,10.26,10.27,10.23,10.24,3756
657,中材国际,600970,2024-10-28 13:50,10.23,10.24,10.21,10.22,4578
658,中材国际,600970,2024-10-28 13:55,10.22,10.22,10.2,10.2,3861
659,中材国际,600970,2024-10-28 14:00,10.21,10.22,10.18,10.19,8130
660,中材国际,600970,2024-10-28 14:05,10.19,10.19,10.17,10.18,4558
661,中材国际,600970,2024-10-28 14:10,10.18,10.19,10.18,10.19,4683
662,中材国际,600970,2024-10-28 14:15,10.19,10.21,10.18,10.18,6179
663,中材国际,600970,2024-10-28 14:20,10.19,10.21,10.18,10.19,4210
664,中材国际,600970,2024-10-28 14:25,10.19,10.24,10.19,10.22,5016
665,中材国际,600970,2024-10-28 14:30,10.23,10.25,10.22,10.25,4050
666,中材国际,600970,2024-10-28 14:35,10.24,10.24,10.22,10.22,3889
667,中材国际,600970,2024-10-28 14:40,10.23,10.26,10.22,10.22,5625
668,中材国际,600970,2024-10-28 14:45,10.23,10.23,10.21,10.22,5017
669,中材国际,600970,2024-10-28 14:50,10.22,10.27,10.22,10.27,5069
670,中材国际,600970,2024-10-28 14:55,10.26,10.28,10.25,10.27,5923
671,中材国际,600970,2024-10-28 15:00,10.27,10.28,10.26,10.26,5237
672,中材国际,600970,2024-10-29 09:35,10.27,10.35,10.27,10.31,13784
673,中材国际,600970,2024-10-29 09:40,10.32,10.4,10.32,10.33,15737
674,中材国际,600970,2024-10-29 09:45,10.33,10.34,10.27,10.28,7223
675,中材国际,600970,2024-10-29 09:50,10.27,10.27,10.21,10.23,7810
676,中材国际,600970,2024-10-29 09:55,10.22,10.26,10.17,10.25,10603
677,中材国际,600970,2024-10-29 10:00,10.25,10.26,10.21,10.21,5525
678,中材国际,600970,2024-10-29 10:05,10.21,10.25,10.21,10.24,2827
679,中材国际,600970,2024-10-29 10:10,10.24,10.28,10.23,10.26,3156
680,中材国际,600970,2024-10-29 10:15,10.24,10.25,10.22,10.24,2754
681,中材国际,600970,2024-10-29 10:20,10.23,10.25,10.23,10.24,2581
682,中材国际,600970,2024-10-29 10:25,10.24,10.29,10.24,10.27,4624
683,中材国际,600970,2024-10-29 10:30,10.27,10.29,10.27,10.28,3958
684,中材国际,600970,2024-10-29 10:35,10.28,10.29,10.25,10.26,2383
685,中材国际,600970,2024-10-29 10:40,10.26,10.26,10.24,10.24,2102
686,中材国际,600970,2024-10-29 10:45,10.25,10.26,10.24,10.25,1350
687,中材国际,600970,2024-10-29 10:50,10.25,10.25,10.24,10.24,1453
688,中材国际,600970,2024-10-29 10:55,10.25,10.25,10.22,10.22,2925
689,中材国际,600970,2024-10-29 11:00,10.23,10.24,10.22,10.24,1536
690,中材国际,600970,2024-10-29 11:05,10.23,10.24,10.21,10.22,3508
691,中材国际,600970,2024-10-29 11:10,10.23,10.23,10.21,10.22,2364
692,中材国际,600970,2024-10-29 11:15,10.22,10.24,10.22,10.22,2706
693,中材国际,600970,2024-10-29 11:20,10.22,10.23,10.19,10.19,10585
694,中材国际,600970,2024-10-29 11:25,10.19,10.2,10.17,10.2,6014
695,中材国际,600970,2024-10-29 11:30,10.2,10.2,10.16,10.17,4390
696,中材国际,600970,2024-10-29 13:05,10.17,10.17,10.11,10.12,11415
697,中材国际,600970,2024-10-29 13:10,10.12,10.14,10.1,10.14,6102
698,中材国际,600970,2024-10-29 13:15,10.13,10.13,10.11,10.12,2951
699,中材国际,600970,2024-10-29 13:20,10.12,10.14,10.11,10.11,3037
700,中材国际,600970,2024-10-29 13:25,10.11,10.14,10.11,10.12,2159
701,中材国际,600970,2024-10-29 13:30,10.12,10.13,10.12,10.12,775
702,中材国际,600970,2024-10-29 13:35,10.13,10.14,10.13,10.13,1843
703,中材国际,600970,2024-10-29 13:40,10.13,10.15,10.12,10.14,2135
704,中材国际,600970,2024-10-29 13:45,10.15,10.16,10.13,10.13,2355
705,中材国际,600970,2024-10-29 13:50,10.13,10.14,10.12,10.12,2570
706,中材国际,600970,2024-10-29 13:55,10.12,10.13,10.11,10.12,1885
707,中材国际,600970,2024-10-29 14:00,10.12,10.14,10.12,10.12,2525
708,中材国际,600970,2024-10-29 14:05,10.12,10.13,10.11,10.11,2218
709,中材国际,600970,2024-10-29 14:10,10.11,10.12,10.11,10.12,2600
710,中材国际,600970,2024-10-29 14:15,10.11,10.12,10.11,10.11,1594
711,中材国际,600970,2024-10-29 14:20,10.11,10.13,10.11,10.12,2191
712,中材国际,600970,2024-10-29 14:25,10.12,10.15,10.12,10.13,2527
713,中材国际,600970,2024-10-29 14:30,10.14,10.14,10.12,10.13,2529
714,中材国际,600970,2024-10-29 14:35,10.12,10.13,10.12,10.12,1111
715,中材国际,600970,2024-10-29 14:40,10.13,10.18,10.13,10.17,6521
716,中材国际,600970,2024-10-29 14:45,10.16,10.17,10.15,10.17,6554
717,中材国际,600970,2024-10-29 14:50,10.16,10.18,10.16,10.16,2701
718,中材国际,600970,2024-10-29 14:55,10.17,10.17,10.15,10.17,6551
719,中材国际,600970,2024-10-29 15:00,10.18,10.18,10.16,10.16,3566
720,中材国际,600970,2024-10-30 09:35,10.12,10.26,10.11,10.23,10337
721,中材国际,600970,2024-10-30 09:40,10.23,10.23,10.15,10.16,7880
722,中材国际,600970,2024-10-30 09:45,10.17,10.19,10.15,10.18,4184
723,中材国际,600970,2024-10-30 09:50,10.19,10.35,10.18,10.33,19107
724,中材国际,600970,2024-10-30 09:55,10.32,10.33,10.3,10.31,10083
725,中材国际,600970,2024-10-30 10:00,10.31,10.35,10.28,10.33,8540
726,中材国际,600970,2024-10-30 10:05,10.33,10.38,10.32,10.32,7841
727,中材国际,600970,2024-10-30 10:10,10.31,10.31,10.27,10.28,3674
728,中材国际,600970,2024-10-30 10:15,10.28,10.29,10.24,10.25,3930
729,中材国际,600970,2024-10-30 10:20,10.24,10.25,10.23,10.24,3564
730,中材国际,600970,2024-10-30 10:25,10.24,10.24,10.21,10.22,3301
731,中材国际,600970,2024-10-30 10:30,10.21,10.22,10.19,10.21,2136
732,中材国际,600970,2024-10-30 10:35,10.21,10.22,10.2,10.21,2343
733,中材国际,600970,2024-10-30 10:40,10.21,10.24,10.21,10.24,2835
734,中材国际,600970,2024-10-30 10:45,10.23,10.28,10.23,10.27,3500
735,中材国际,600970,2024-10-30 10:50,10.27,10.3,10.27,10.3,4213
736,中材国际,600970,2024-10-30 10:55,10.3,10.36,10.3,10.36,6649
737,中材国际,600970,2024-10-30 11:00,10.35,10.36,10.32,10.35,7131
738,中材国际,600970,2024-10-30 11:05,10.35,10.35,10.32,10.32,2749
739,中材国际,600970,2024-10-30 11:10,10.32,10.33,10.28,10.28,3196
740,中材国际,600970,2024-10-30 11:15,10.28,10.31,10.28,10.29,1523
741,中材国际,600970,2024-10-30 11:20,10.3,10.3,10.27,10.29,1861
742,中材国际,600970,2024-10-30 11:25,10.28,10.28,10.23,10.23,2831
743,中材国际,600970,2024-10-30 11:30,10.23,10.24,10.22,10.23,1875
744,中材国际,600970,2024-10-30 13:05,10.22,10.24,10.21,10.22,4341
745,中材国际,600970,2024-10-30 13:10,10.22,10.24,10.22,10.23,1262
746,中材国际,600970,2024-10-30 13:15,10.23,10.24,10.21,10.22,1481
747,中材国际,600970,2024-10-30 13:20,10.21,10.22,10.19,10.2,3210
748,中材国际,600970,2024-10-30 13:25,10.2,10.22,10.19,10.22,2206
749,中材国际,600970,2024-10-30 13:30,10.22,10.22,10.2,10.21,2267
750,中材国际,600970,2024-10-30 13:35,10.21,10.22,10.19,10.19,2037
751,中材国际,600970,2024-10-30 13:40,10.19,10.21,10.18,10.19,3409
752,中材国际,600970,2024-10-30 13:45,10.18,10.2,10.17,10.18,3211
753,中材国际,600970,2024-10-30 13:50,10.19,10.2,10.18,10.19,1288
754,中材国际,600970,2024-10-30 13:55,10.19,10.22,10.18,10.22,1625
755,中材国际,600970,2024-10-30 14:00,10.22,10.22,10.19,10.2,1523
756,中材国际,600970,2024-10-30 14:05,10.2,10.23,10.18,10.19,1968
757,中材国际,600970,2024-10-30 14:10,10.18,10.2,10.18,10.19,1469
758,中材国际,600970,2024-10-30 14:15,10.18,10.19,10.17,10.18,3158
759,中材国际,600970,2024-10-30 14:20,10.17,10.2,10.17,10.19,1857
760,中材国际,600970,2024-10-30 14:25,10.2,10.2,10.18,10.18,2064
761,中材国际,600970,2024-10-30 14:30,10.18,10.23,10.18,10.23,5379
762,中材国际,600970,2024-10-30 14:35,10.23,10.23,10.2,10.2,2113
763,中材国际,600970,2024-10-30 14:40,10.21,10.23,10.19,10.21,2032
764,中材国际,600970,2024-10-30 14:45,10.21,10.26,10.21,10.26,5147
765,中材国际,600970,2024-10-30 14:50,10.26,10.27,10.22,10.23,2887
766,中材国际,600970,2024-10-30 14:55,10.22,10.25,10.22,10.25,2748
767,中材国际,600970,2024-10-30 15:00,10.24,10.25,10.21,10.25,3774
768,中材国际,600970,2024-10-31 09:35,10.25,10.33,10.24,10.24,9454
769,中材国际,600970,2024-10-31 09:40,10.24,10.25,10.18,10.2,6377
770,中材国际,600970,2024-10-31 09:45,10.17,10.22,10.16,10.2,6747
771,中材国际,600970,2024-10-31 09:50,10.21,10.24,10.2,10.22,3704
772,中材国际,600970,2024-10-31 09:55,10.21,10.21,10.17,10.18,6715
773,中材国际,600970,2024-10-31 10:00,10.18,10.21,10.17,10.19,2504
774,中材国际,600970,2024-10-31 10:05,10.19,10.26,10.19,10.24,5879
775,中材国际,600970,2024-10-31 10:10,10.23,10.39,10.23,10.39,15404
776,中材国际,600970,2024-10-31 10:15,10.38,10.4,10.32,10.35,9035
777,中材国际,600970,2024-10-31 10:20,10.34,10.37,10.32,10.36,5815
778,中材国际,600970,2024-10-31 10:25,10.36,10.38,10.34,10.37,6781
779,中材国际,600970,2024-10-31 10:30,10.38,10.42,10.36,10.37,11629
780,中材国际,600970,2024-10-31 10:35,10.38,10.4,10.37,10.39,3518
781,中材国际,600970,2024-10-31 10:40,10.4,10.41,10.36,10.37,5328
782,中材国际,600970,2024-10-31 10:45,10.37,10.4,10.36,10.4,6542
783,中材国际,600970,2024-10-31 10:50,10.4,10.4,10.34,10.35,3463
784,中材国际,600970,2024-10-31 10:55,10.34,10.35,10.31,10.32,3036
785,中材国际,600970,2024-10-31 11:00,10.31,10.31,10.29,10.31,3003
786,中材国际,600970,2024-10-31 11:05,10.31,10.32,10.3,10.32,1224
787,中材国际,600970,2024-10-31 11:10,10.32,10.32,10.31,10.32,1978
788,中材国际,600970,2024-10-31 11:15,10.32,10.33,10.3,10.32,2706
789,中材国际,600970,2024-10-31 11:20,10.32,10.33,10.31,10.33,1466
790,中材国际,600970,2024-10-31 11:25,10.32,10.33,10.31,10.31,3640
791,中材国际,600970,2024-10-31 11:30,10.33,10.33,10.3,10.31,2375
792,中材国际,600970,2024-10-31 13:05,10.32,10.34,10.31,10.32,3468
793,中材国际,600970,2024-10-31 13:10,10.32,10.33,10.31,10.31,3801
794,中材国际,600970,2024-10-31 13:15,10.31,10.32,10.3,10.3,3117
795,中材国际,600970,2024-10-31 13:20,10.3,10.34,10.3,10.33,3621
796,中材国际,600970,2024-10-31 13:25,10.32,10.34,10.31,10.32,1607
797,中材国际,600970,2024-10-31 13:30,10.33,10.36,10.32,10.36,6730
798,中材国际,600970,2024-10-31 13:35,10.35,10.37,10.35,10.35,4160
799,中材国际,600970,2024-10-31 13:40,10.35,10.36,10.33,10.35,1967
800,中材国际,600970,2024-10-31 13:45,10.34,10.36,10.34,10.36,2113
801,中材国际,600970,2024-10-31 13:50,10.36,10.37,10.32,10.33,3777
802,中材国际,600970,2024-10-31 13:55,10.32,10.35,10.32,10.34,2843
803,中材国际,600970,2024-10-31 14:00,10.34,10.36,10.33,10.35,2148
804,中材国际,600970,2024-10-31 14:05,10.36,10.36,10.35,10.36,2194
805,中材国际,600970,2024-10-31 14:10,10.35,10.36,10.34,10.35,1201
806,中材国际,600970,2024-10-31 14:15,10.36,10.39,10.35,10.36,5009
807,中材国际,600970,2024-10-31 14:20,10.37,10.37,10.35,10.35,1469
808,中材国际,600970,2024-10-31 14:25,10.35,10.36,10.35,10.35,1304
809,中材国际,600970,2024-10-31 14:30,10.35,10.37,10.35,10.36,2086
810,中材国际,600970,2024-10-31 14:35,10.37,10.37,10.33,10.33,3488
811,中材国际,600970,2024-10-31 14:40,10.34,10.35,10.33,10.33,2391
812,中材国际,600970,2024-10-31 14:45,10.34,10.34,10.31,10.31,5529
813,中材国际,600970,2024-10-31 14:50,10.31,10.32,10.3,10.32,3510
814,中材国际,600970,2024-10-31 14:55,10.33,10.33,10.3,10.32,5148
815,中材国际,600970,2024-10-31 15:00,10.31,10.33,10.31,10.33,3636
816,中材国际,600970,2024-11-01 09:35,10.32,10.38,10.29,10.34,10796
817,中材国际,600970,2024-11-01 09:40,10.35,10.35,10.29,10.3,9383
818,中材国际,600970,2024-11-01 09:45,10.3,10.32,10.24,10.27,8472
819,中材国际,600970,2024-11-01 09:50,10.27,10.28,10.22,10.27,7705
820,中材国际,600970,2024-11-01 09:55,10.28,10.33,10.28,10.32,8319
821,中材国际,600970,2024-11-01 10:00,10.34,10.39,10.31,10.39,7996
822,中材国际,600970,2024-11-01 10:05,10.39,10.4,10.27,10.27,7196
823,中材国际,600970,2024-11-01 10:10,10.27,10.3,10.24,10.24,5347
824,中材国际,600970,2024-11-01 10:15,10.24,10.26,10.18,10.19,13227
825,中材国际,600970,2024-11-01 10:20,10.19,10.24,10.19,10.24,5719
826,中材国际,600970,2024-11-01 10:25,10.29,10.39,10.25,10.39,6426
827,中材国际,600970,2024-11-01 10:30,10.44,10.63,10.4,10.48,23338
828,中材国际,600970,2024-11-01 10:35,10.48,10.48,10.41,10.44,7594
829,中材国际,600970,2024-11-01 10:40,10.45,10.47,10.42,10.43,7444
830,中材国际,600970,2024-11-01 10:45,10.43,10.54,10.42,10.51,11658
831,中材国际,600970,2024-11-01 10:50,10.51,10.52,10.47,10.48,3771
832,中材国际,600970,2024-11-01 10:55,10.48,10.55,10.47,10.5,12544
833,中材国际,600970,2024-11-01 11:00,10.5,10.52,10.47,10.47,2743
834,中材国际,600970,2024-11-01 11:05,10.47,10.48,10.43,10.43,2937
835,中材国际,600970,2024-11-01 11:10,10.43,10.45,10.42,10.44,3877
836,中材国际,600970,2024-11-01 11:15,10.44,10.45,10.43,10.44,1520
837,中材国际,600970,2024-11-01 11:20,10.44,10.47,10.43,10.46,3079
838,中材国际,600970,2024-11-01 11:25,10.46,10.54,10.46,10.54,8291
839,中材国际,600970,2024-11-01 11:30,10.54,10.58,10.52,10.57,11396
840,中材国际,600970,2024-11-01 13:05,10.57,10.6,10.5,10.52,9732
841,中材国际,600970,2024-11-01 13:10,10.52,10.55,10.5,10.53,4721
842,中材国际,600970,2024-11-01 13:15,10.53,10.53,10.47,10.48,4703
843,中材国际,600970,2024-11-01 13:20,10.47,10.49,10.45,10.47,3559
844,中材国际,600970,2024-11-01 13:25,10.46,10.46,10.43,10.44,5008
845,中材国际,600970,2024-11-01 13:30,10.43,10.49,10.43,10.46,3902
846,中材国际,600970,2024-11-01 13:35,10.45,10.49,10.44,10.44,4129
847,中材国际,600970,2024-11-01 13:40,10.44,10.45,10.43,10.44,1789
848,中材国际,600970,2024-11-01 13:45,10.43,10.46,10.43,10.45,3254
849,中材国际,600970,2024-11-01 13:50,10.45,10.46,10.43,10.43,2285
850,中材国际,600970,2024-11-01 13:55,10.43,10.46,10.42,10.43,3272
851,中材国际,600970,2024-11-01 14:00,10.44,10.48,10.43,10.48,2655
852,中材国际,600970,2024-11-01 14:05,10.48,10.51,10.46,10.48,3999
853,中材国际,600970,2024-11-01 14:10,10.48,10.49,10.45,10.49,2726
854,中材国际,600970,2024-11-01 14:15,10.47,10.49,10.47,10.48,4527
855,中材国际,600970,2024-11-01 14:20,10.48,10.49,10.45,10.45,2677
856,中材国际,600970,2024-11-01 14:25,10.46,10.48,10.45,10.47,3887
857,中材国际,600970,2024-11-01 14:30,10.47,10.48,10.45,10.46,3388
858,中材国际,600970,2024-11-01 14:35,10.47,10.47,10.45,10.47,2152
859,中材国际,600970,2024-11-01 14:40,10.46,10.47,10.43,10.43,4123
860,中材国际,600970,2024-11-01 14:45,10.43,10.45,10.43,10.44,4612
861,中材国际,600970,2024-11-01 14:50,10.44,10.45,10.43,10.43,5301
862,中材国际,600970,2024-11-01 14:55,10.43,10.44,10.42,10.43,8101
863,中材国际,600970,2024-11-01 15:00,10.42,10.44,10.42,10.43,4302
864,中材国际,600970,2024-11-04 09:35,10.43,10.49,10.39,10.45,13507
865,中材国际,600970,2024-11-04 09:40,10.46,10.46,10.41,10.42,8039
866,中材国际,600970,2024-11-04 09:45,10.42,10.58,10.4,10.57,12593
867,中材国际,600970,2024-11-04 09:50,10.57,10.6,10.52,10.58,10808
868,中材国际,600970,2024-11-04 09:55,10.58,10.65,10.54,10.57,14301
869,中材国际,600970,2024-11-04 10:00,10.58,10.58,10.52,10.53,8069
870,中材国际,600970,2024-11-04 10:05,10.52,10.59,10.5,10.58,9354
871,中材国际,600970,2024-11-04 10:10,10.58,10.61,10.57,10.57,6404
872,中材国际,600970,2024-11-04 10:15,10.57,10.59,10.55,10.55,3911
873,中材国际,600970,2024-11-04 10:20,10.56,10.6,10.55,10.59,4552
874,中材国际,600970,2024-11-04 10:25,10.59,10.6,10.56,10.59,3365
875,中材国际,600970,2024-11-04 10:30,10.58,10.59,10.54,10.56,2771
876,中材国际,600970,2024-11-04 10:35,10.57,10.58,10.54,10.54,4264
877,中材国际,600970,2024-11-04 10:40,10.54,10.55,10.53,10.55,2114
878,中材国际,600970,2024-11-04 10:45,10.55,10.55,10.54,10.55,1511
879,中材国际,600970,2024-11-04 10:50,10.55,10.56,10.54,10.56,1912
880,中材国际,600970,2024-11-04 10:55,10.56,10.59,10.55,10.57,2486
881,中材国际,600970,2024-11-04 11:00,10.57,10.57,10.54,10.55,1852
882,中材国际,600970,2024-11-04 11:05,10.55,10.56,10.53,10.53,1622
883,中材国际,600970,2024-11-04 11:10,10.53,10.54,10.52,10.52,3506
884,中材国际,600970,2024-11-04 11:15,10.52,10.56,10.52,10.54,2014
885,中材国际,600970,2024-11-04 11:20,10.55,10.56,10.54,10.54,1281
886,中材国际,600970,2024-11-04 11:25,10.54,10.55,10.53,10.55,2442
887,中材国际,600970,2024-11-04 11:30,10.55,10.55,10.5,10.51,4390
888,中材国际,600970,2024-11-04 13:05,10.51,10.51,10.45,10.46,8212
889,中材国际,600970,2024-11-04 13:10,10.46,10.49,10.46,10.48,3921
890,中材国际,600970,2024-11-04 13:15,10.48,10.48,10.45,10.47,2933
891,中材国际,600970,2024-11-04 13:20,10.46,10.48,10.45,10.45,2316
892,中材国际,600970,2024-11-04 13:25,10.46,10.48,10.46,10.48,1901
893,中材国际,600970,2024-11-04 13:30,10.48,10.48,10.46,10.47,1497
894,中材国际,600970,2024-11-04 13:35,10.47,10.48,10.46,10.47,1384
895,中材国际,600970,2024-11-04 13:40,10.48,10.48,10.47,10.48,1155
896,中材国际,600970,2024-11-04 13:45,10.48,10.51,10.47,10.5,2518
897,中材国际,600970,2024-11-04 13:50,10.49,10.5,10.48,10.49,1509
898,中材国际,600970,2024-11-04 13:55,10.49,10.51,10.48,10.5,2524
899,中材国际,600970,2024-11-04 14:00,10.5,10.51,10.49,10.51,2518
900,中材国际,600970,2024-11-04 14:05,10.52,10.54,10.5,10.53,2591
901,中材国际,600970,2024-11-04 14:10,10.53,10.54,10.51,10.52,1906
902,中材国际,600970,2024-11-04 14:15,10.52,10.53,10.5,10.53,2828
903,中材国际,600970,2024-11-04 14:20,10.52,10.54,10.52,10.52,3537
904,中材国际,600970,2024-11-04 14:25,10.53,10.54,10.5,10.51,3827
905,中材国际,600970,2024-11-04 14:30,10.5,10.5,10.48,10.5,3428
906,中材国际,600970,2024-11-04 14:35,10.51,10.52,10.49,10.52,4175
907,中材国际,600970,2024-11-04 14:40,10.51,10.55,10.51,10.54,5852
908,中材国际,600970,2024-11-04 14:45,10.54,10.55,10.52,10.54,6426
909,中材国际,600970,2024-11-04 14:50,10.54,10.55,10.52,10.53,4850
910,中材国际,600970,2024-11-04 14:55,10.53,10.56,10.52,10.56,7424
911,中材国际,600970,2024-11-04 15:00,10.55,10.58,10.55,10.57,5189
912,中材国际,600970,2024-11-05 09:35,10.56,10.6,10.51,10.53,9923
913,中材国际,600970,2024-11-05 09:40,10.52,10.56,10.51,10.55,6909
914,中材国际,600970,2024-11-05 09:45,10.54,10.55,10.48,10.49,10859
915,中材国际,600970,2024-11-05 09:50,10.5,10.55,10.49,10.54,5720
916,中材国际,600970,2024-11-05 09:55,10.54,10.54,10.51,10.51,5408
917,中材国际,600970,2024-11-05 10:00,10.52,10.58,10.52,10.57,4539
918,中材国际,600970,2024-11-05 10:05,10.56,10.58,10.54,10.55,6363
919,中材国际,600970,2024-11-05 10:10,10.55,10.58,10.54,10.58,4116
920,中材国际,600970,2024-11-05 10:15,10.58,10.58,10.55,10.57,4728
921,中材国际,600970,2024-11-05 10:20,10.59,10.67,10.58,10.64,16813
922,中材国际,600970,2024-11-05 10:25,10.65,10.71,10.63,10.64,17740
923,中材国际,600970,2024-11-05 10:30,10.63,10.66,10.61,10.61,6475
924,中材国际,600970,2024-11-05 10:35,10.62,10.62,10.59,10.6,5493
925,中材国际,600970,2024-11-05 10:40,10.59,10.6,10.54,10.56,6421
926,中材国际,600970,2024-11-05 10:45,10.56,10.57,10.53,10.53,6551
927,中材国际,600970,2024-11-05 10:50,10.54,10.57,10.54,10.56,5569
928,中材国际,600970,2024-11-05 10:55,10.56,10.56,10.53,10.53,5155
929,中材国际,600970,2024-11-05 11:00,10.53,10.54,10.52,10.52,5494
930,中材国际,600970,2024-11-05 11:05,10.52,10.54,10.52,10.53,3710
931,中材国际,600970,2024-11-05 11:10,10.54,10.55,10.52,10.54,6966
932,中材国际,600970,2024-11-05 11:15,10.54,10.56,10.52,10.56,5812
933,中材国际,600970,2024-11-05 11:20,10.55,10.58,10.54,10.55,4069
934,中材国际,600970,2024-11-05 11:25,10.55,10.58,10.55,10.58,3237
935,中材国际,600970,2024-11-05 11:30,10.58,10.61,10.57,10.61,3857
936,中材国际,600970,2024-11-05 13:05,10.61,10.66,10.61,10.65,9418
937,中材国际,600970,2024-11-05 13:10,10.65,10.65,10.63,10.65,5073
938,中材国际,600970,2024-11-05 13:15,10.64,10.65,10.61,10.64,9084
939,中材国际,600970,2024-11-05 13:20,10.63,10.65,10.62,10.64,4437
940,中材国际,600970,2024-11-05 13:25,10.63,10.64,10.62,10.63,5241
941,中材国际,600970,2024-11-05 13:30,10.62,10.63,10.6,10.61,4884
942,中材国际,600970,2024-11-05 13:35,10.61,10.62,10.59,10.59,6806
943,中材国际,600970,2024-11-05 13:40,10.61,10.62,10.6,10.62,4074
944,中材国际,600970,2024-11-05 13:45,10.62,10.62,10.6,10.62,3496
945,中材国际,600970,2024-11-05 13:50,10.61,10.63,10.6,10.63,3669
946,中材国际,600970,2024-11-05 13:55,10.63,10.63,10.61,10.61,5184
947,中材国际,600970,2024-11-05 14:00,10.62,10.63,10.6,10.6,5058
948,中材国际,600970,2024-11-05 14:05,10.6,10.61,10.56,10.57,7659
949,中材国际,600970,2024-11-05 14:10,10.58,10.58,10.56,10.58,3324
950,中材国际,600970,2024-11-05 14:15,10.57,10.59,10.57,10.57,4240
951,中材国际,600970,2024-11-05 14:20,10.57,10.59,10.57,10.58,3125
952,中材国际,600970,2024-11-05 14:25,10.59,10.6,10.58,10.59,5748
953,中材国际,600970,2024-11-05 14:30,10.59,10.62,10.58,10.61,4634
954,中材国际,600970,2024-11-05 14:35,10.62,10.63,10.61,10.61,11010
955,中材国际,600970,2024-11-05 14:40,10.62,10.64,10.61,10.62,7043
956,中材国际,600970,2024-11-05 14:45,10.63,10.63,10.61,10.62,6434
957,中材国际,600970,2024-11-05 14:50,10.62,10.63,10.61,10.61,6317
958,中材国际,600970,2024-11-05 14:55,10.61,10.64,10.61,10.64,8932
959,中材国际,600970,2024-11-05 15:00,10.64,10.65,10.63,10.65,7234
960,中材国际,600970,2024-11-06 09:35,10.63,10.63,10.56,10.63,15479
961,中材国际,600970,2024-11-06 09:40,10.62,10.63,10.59,10.59,9025
962,中材国际,600970,2024-11-06 09:45,10.59,10.59,10.53,10.57,19455
963,中材国际,600970,2024-11-06 09:50,10.57,10.58,10.55,10.57,5445
964,中材国际,600970,2024-11-06 09:55,10.56,10.61,10.56,10.59,6676
965,中材国际,600970,2024-11-06 10:00,10.6,10.6,10.58,10.59,5001
966,中材国际,600970,2024-11-06 10:05,10.58,10.66,10.58,10.63,9380
967,中材国际,600970,2024-11-06 10:10,10.63,10.65,10.62,10.63,6213
968,中材国际,600970,2024-11-06 10:15,10.64,10.65,10.6,10.6,6867
969,中材国际,600970,2024-11-06 10:20,10.61,10.62,10.59,10.59,3637
970,中材国际,600970,2024-11-06 10:25,10.59,10.6,10.57,10.58,4350
971,中材国际,600970,2024-11-06 10:30,10.57,10.62,10.57,10.61,2534
972,中材国际,600970,2024-11-06 10:35,10.61,10.61,10.58,10.58,2551
973,中材国际,600970,2024-11-06 10:40,10.58,10.58,10.56,10.57,5814
974,中材国际,600970,2024-11-06 10:45,10.57,10.59,10.56,10.59,1884
975,中材国际,600970,2024-11-06 10:50,10.58,10.61,10.57,10.6,3296
976,中材国际,600970,2024-11-06 10:55,10.61,10.62,10.59,10.62,2343
977,中材国际,600970,2024-11-06 11:00,10.61,10.69,10.61,10.67,12066
978,中材国际,600970,2024-11-06 11:05,10.67,10.67,10.62,10.65,5525
979,中材国际,600970,2024-11-06 11:10,10.65,10.65,10.58,10.59,5244
980,中材国际,600970,2024-11-06 11:15,10.6,10.6,10.56,10.56,7895
981,中材国际,600970,2024-11-06 11:20,10.56,10.6,10.56,10.6,2407
982,中材国际,600970,2024-11-06 11:25,10.61,10.7,10.6,10.69,9928
983,中材国际,600970,2024-11-06 11:30,10.69,10.69,10.65,10.69,9813
984,中材国际,600970,2024-11-06 13:05,10.68,10.7,10.65,10.67,8811
985,中材国际,600970,2024-11-06 13:10,10.67,10.75,10.65,10.73,13737
986,中材国际,600970,2024-11-06 13:15,10.74,10.78,10.71,10.76,17944
987,中材国际,600970,2024-11-06 13:20,10.75,10.75,10.71,10.71,6442
988,中材国际,600970,2024-11-06 13:25,10.72,10.74,10.71,10.72,4850
989,中材国际,600970,2024-11-06 13:30,10.73,10.76,10.71,10.71,6842
990,中材国际,600970,2024-11-06 13:35,10.72,10.73,10.71,10.71,4746
991,中材国际,600970,2024-11-06 13:40,10.72,10.74,10.7,10.74,4783
992,中材国际,600970,2024-11-06 13:45,10.74,10.96,10.73,10.95,24974
993,中材国际,600970,2024-11-06 13:50,10.94,10.98,10.89,10.97,26243
994,中材国际,600970,2024-11-06 13:55,10.96,11.05,10.93,11.0,22369
995,中材国际,600970,2024-11-06 14:00,11.0,11.06,10.99,11.01,22566
996,中材国际,600970,2024-11-06 14:05,11.02,11.09,11.0,11.07,14506
997,中材国际,600970,2024-11-06 14:10,11.07,11.13,11.05,11.05,20834
998,中材国际,600970,2024-11-06 14:15,11.05,11.06,11.01,11.05,8541
999,中材国际,600970,2024-11-06 14:20,11.05,11.06,11.03,11.03,9902
1000,中材国际,600970,2024-11-06 14:25,11.05,11.06,11.03,11.05,9453
1001,中材国际,600970,2024-11-06 14:30,11.04,11.04,10.98,10.98,14021
1002,中材国际,600970,2024-11-06 14:35,10.97,10.99,10.96,10.98,8911
1003,中材国际,600970,2024-11-06 14:40,10.97,11.0,10.97,10.98,8822
1004,中材国际,600970,2024-11-06 14:45,10.98,10.99,10.9,10.9,14225
1005,中材国际,600970,2024-11-06 14:50,10.9,10.95,10.89,10.94,10304
1006,中材国际,600970,2024-11-06 14:55,10.93,10.96,10.91,10.96,11699
1007,中材国际,600970,2024-11-06 15:00,10.95,10.98,10.95,10.96,17395
1008,中材国际,600970,2024-11-07 09:35,10.95,11.15,10.81,11.14,59786
1009,中材国际,600970,2024-11-07 09:40,11.15,11.27,11.06,11.2,45063
1010,中材国际,600970,2024-11-07 09:45,11.2,11.37,11.16,11.37,36656
1011,中材国际,600970,2024-11-07 09:50,11.36,11.39,11.31,11.33,25382
1012,中材国际,600970,2024-11-07 09:55,11.34,11.35,11.26,11.34,20015
1013,中材国际,600970,2024-11-07 10:00,11.33,11.38,11.26,11.28,21309
1014,中材国际,600970,2024-11-07 10:05,11.28,11.32,11.25,11.25,10328
1015,中材国际,600970,2024-11-07 10:10,11.27,11.3,11.21,11.25,10464
1016,中材国际,600970,2024-11-07 10:15,11.25,11.3,11.25,11.27,11328
1017,中材国际,600970,2024-11-07 10:20,11.28,11.34,11.25,11.32,12669
1018,中材国际,600970,2024-11-07 10:25,11.33,11.33,11.3,11.32,5510
1019,中材国际,600970,2024-11-07 10:30,11.31,11.31,11.25,11.27,5637
1020,中材国际,600970,2024-11-07 10:35,11.27,11.3,11.25,11.28,8295
1021,中材国际,600970,2024-11-07 10:40,11.28,11.38,11.26,11.38,12966
1022,中材国际,600970,2024-11-07 10:45,11.38,11.39,11.34,11.36,8717
1023,中材国际,600970,2024-11-07 10:50,11.36,11.5,11.35,11.46,22177
1024,中材国际,600970,2024-11-07 10:55,11.45,11.45,11.37,11.38,6455
1025,中材国际,600970,2024-11-07 11:00,11.38,11.44,11.36,11.43,4063
1026,中材国际,600970,2024-11-07 11:05,11.42,11.48,11.39,11.45,8099
1027,中材国际,600970,2024-11-07 11:10,11.44,11.45,11.37,11.39,4168
1028,中材国际,600970,2024-11-07 11:15,11.4,11.47,11.39,11.45,14340
1029,中材国际,600970,2024-11-07 11:20,11.44,11.45,11.41,11.41,2904
1030,中材国际,600970,2024-11-07 11:25,11.41,11.41,11.36,11.37,3130
1031,中材国际,600970,2024-11-07 11:30,11.36,11.37,11.32,11.32,4193
1032,中材国际,600970,2024-11-07 13:05,11.34,11.37,11.28,11.28,7856
1033,中材国际,600970,2024-11-07 13:10,11.28,11.31,11.28,11.3,4476
1034,中材国际,600970,2024-11-07 13:15,11.3,11.31,11.26,11.27,8204
1035,中材国际,600970,2024-11-07 13:20,11.27,11.31,11.26,11.29,4464
1036,中材国际,600970,2024-11-07 13:25,11.28,11.29,11.26,11.26,8791
1037,中材国际,600970,2024-11-07 13:30,11.26,11.27,11.23,11.25,7358
1038,中材国际,600970,2024-11-07 13:35,11.24,11.25,11.22,11.22,3589
1039,中材国际,600970,2024-11-07 13:40,11.21,11.25,11.21,11.25,4642
1040,中材国际,600970,2024-11-07 13:45,11.25,11.26,11.23,11.26,3974
1041,中材国际,600970,2024-11-07 13:50,11.26,11.27,11.24,11.25,4156
1042,中材国际,600970,2024-11-07 13:55,11.25,11.25,11.23,11.24,3273
1043,中材国际,600970,2024-11-07 14:00,11.23,11.24,11.22,11.22,5043
1044,中材国际,600970,2024-11-07 14:05,11.22,11.26,11.22,11.25,5959
1045,中材国际,600970,2024-11-07 14:10,11.25,11.26,11.21,11.21,5725
1046,中材国际,600970,2024-11-07 14:15,11.22,11.24,11.21,11.23,4584
1047,中材国际,600970,2024-11-07 14:20,11.23,11.26,11.21,11.26,5775
1048,中材国际,600970,2024-11-07 14:25,11.25,11.33,11.25,11.3,9099
1049,中材国际,600970,2024-11-07 14:30,11.3,11.31,11.28,11.3,4108
1050,中材国际,600970,2024-11-07 14:35,11.3,11.37,11.28,11.35,7805
1051,中材国际,600970,2024-11-07 14:40,11.35,11.42,11.34,11.38,11967
1052,中材国际,600970,2024-11-07 14:45,11.37,11.41,11.37,11.39,8464
1053,中材国际,600970,2024-11-07 14:50,11.4,11.4,11.36,11.36,7900
1054,中材国际,600970,2024-11-07 14:55,11.36,11.38,11.35,11.37,7556
1055,中材国际,600970,2024-11-07 15:00,11.36,11.39,11.36,11.38,9788
1056,中材国际,600970,2024-11-08 09:35,11.52,11.52,11.3,11.3,38763
1057,中材国际,600970,2024-11-08 09:40,11.29,11.31,11.22,11.22,27917
1058,中材国际,600970,2024-11-08 09:45,11.22,11.3,11.18,11.2,29928
1059,中材国际,600970,2024-11-08 09:50,11.19,11.3,11.19,11.27,16504
1060,中材国际,600970,2024-11-08 09:55,11.27,11.35,11.27,11.28,11884
1061,中材国际,600970,2024-11-08 10:00,11.28,11.33,11.26,11.26,9992
1062,中材国际,600970,2024-11-08 10:05,11.26,11.28,11.24,11.28,7836
1063,中材国际,600970,2024-11-08 10:10,11.27,11.29,11.26,11.26,5355
1064,中材国际,600970,2024-11-08 10:15,11.26,11.28,11.22,11.22,8233
1065,中材国际,600970,2024-11-08 10:20,11.22,11.24,11.21,11.23,7853
1066,中材国际,600970,2024-11-08 10:25,11.23,11.24,11.22,11.23,6789
1067,中材国际,600970,2024-11-08 10:30,11.23,11.24,11.2,11.21,7122
1068,中材国际,600970,2024-11-08 10:35,11.21,11.23,11.2,11.22,5001
1069,中材国际,600970,2024-11-08 10:40,11.21,11.21,11.12,11.15,21017
1070,中材国际,600970,2024-11-08 10:45,11.15,11.16,11.08,11.11,14031
1071,中材国际,600970,2024-11-08 10:50,11.11,11.16,11.11,11.14,6687
1072,中材国际,600970,2024-11-08 10:55,11.14,11.16,11.1,11.16,4130
1073,中材国际,600970,2024-11-08 11:00,11.15,11.17,11.15,11.16,2301
1074,中材国际,600970,2024-11-08 11:05,11.15,11.17,11.12,11.13,3200
1075,中材国际,600970,2024-11-08 11:10,11.14,11.14,11.11,11.11,5380
1076,中材国际,600970,2024-11-08 11:15,11.11,11.14,11.11,11.13,3667
1077,中材国际,600970,2024-11-08 11:20,11.14,11.14,11.09,11.09,6040
1078,中材国际,600970,2024-11-08 11:25,11.09,11.1,11.03,11.07,12414
1079,中材国际,600970,2024-11-08 11:30,11.07,11.09,11.03,11.05,8087
1080,中材国际,600970,2024-11-08 13:05,11.06,11.11,11.05,11.08,4954
1081,中材国际,600970,2024-11-08 13:10,11.08,11.1,11.03,11.04,11857
1082,中材国际,600970,2024-11-08 13:15,11.04,11.05,11.02,11.02,5991
1083,中材国际,600970,2024-11-08 13:20,11.02,11.09,11.02,11.09,4301
1084,中材国际,600970,2024-11-08 13:25,11.09,11.13,11.09,11.12,3274
1085,中材国际,600970,2024-11-08 13:30,11.13,11.14,11.12,11.12,3312
1086,中材国际,600970,2024-11-08 13:35,11.12,11.15,11.12,11.13,2920
1087,中材国际,600970,2024-11-08 13:40,11.12,11.14,11.11,11.11,3130
1088,中材国际,600970,2024-11-08 13:45,11.13,11.16,11.12,11.15,4772
1089,中材国际,600970,2024-11-08 13:50,11.15,11.15,11.12,11.14,2737
1090,中材国际,600970,2024-11-08 13:55,11.14,11.16,11.12,11.12,2818
1091,中材国际,600970,2024-11-08 14:00,11.13,11.13,11.11,11.13,2679
1092,中材国际,600970,2024-11-08 14:05,11.13,11.14,11.1,11.11,3094
1093,中材国际,600970,2024-11-08 14:10,11.11,11.13,11.11,11.12,4335
1094,中材国际,600970,2024-11-08 14:15,11.11,11.12,11.1,11.1,3188
1095,中材国际,600970,2024-11-08 14:20,11.11,11.11,11.09,11.11,3615
1096,中材国际,600970,2024-11-08 14:25,11.1,11.11,11.06,11.06,3743
1097,中材国际,600970,2024-11-08 14:30,11.06,11.09,11.06,11.09,5211
1098,中材国际,600970,2024-11-08 14:35,11.08,11.1,11.06,11.1,2734
1099,中材国际,600970,2024-11-08 14:40,11.1,11.11,11.07,11.08,3884
1100,中材国际,600970,2024-11-08 14:45,11.07,11.09,11.07,11.07,2681
1101,中材国际,600970,2024-11-08 14:50,11.08,11.08,11.06,11.07,5150
1102,中材国际,600970,2024-11-08 14:55,11.07,11.08,11.06,11.07,6157
1103,中材国际,600970,2024-11-08 15:00,11.08,11.08,11.06,11.08,4493
1104,中材国际,600970,2024-11-11 09:35,11.0,11.08,10.95,11.06,15245
1105,中材国际,600970,2024-11-11 09:40,11.05,11.05,10.9,10.92,17348
1106,中材国际,600970,2024-11-11 09:45,10.93,10.93,10.86,10.87,21770
1107,中材国际,600970,2024-11-11 09:50,10.88,10.92,10.87,10.88,13099
1108,中材国际,600970,2024-11-11 09:55,10.88,10.92,10.87,10.92,8514
1109,中材国际,600970,2024-11-11 10:00,10.92,10.92,10.87,10.87,6730
1110,中材国际,600970,2024-11-11 10:05,10.87,10.89,10.85,10.87,10113
1111,中材国际,600970,2024-11-11 10:10,10.86,10.87,10.79,10.81,22076
1112,中材国际,600970,2024-11-11 10:15,10.81,10.86,10.79,10.86,7102
1113,中材国际,600970,2024-11-11 10:20,10.86,10.86,10.83,10.83,4503
1114,中材国际,600970,2024-11-11 10:25,10.83,10.84,10.8,10.81,6381
1115,中材国际,600970,2024-11-11 10:30,10.8,10.83,10.79,10.83,7097
1116,中材国际,600970,2024-11-11 10:35,10.82,10.84,10.8,10.8,2389
1117,中材国际,600970,2024-11-11 10:40,10.81,10.81,10.77,10.78,7533
1118,中材国际,600970,2024-11-11 10:45,10.78,10.82,10.78,10.81,3032
1119,中材国际,600970,2024-11-11 10:50,10.82,10.83,10.81,10.83,2268
1120,中材国际,600970,2024-11-11 10:55,10.82,10.84,10.8,10.8,3066
1121,中材国际,600970,2024-11-11 11:00,10.8,10.83,10.8,10.82,2561
1122,中材国际,600970,2024-11-11 11:05,10.82,10.82,10.81,10.81,3119
1123,中材国际,600970,2024-11-11 11:10,10.82,10.85,10.8,10.83,4677
1124,中材国际,600970,2024-11-11 11:15,10.83,10.85,10.82,10.85,5279
1125,中材国际,600970,2024-11-11 11:20,10.85,10.87,10.84,10.86,3874
1126,中材国际,600970,2024-11-11 11:25,10.86,10.86,10.84,10.85,4262
1127,中材国际,600970,2024-11-11 11:30,10.85,10.89,10.84,10.88,2625
1128,中材国际,600970,2024-11-11 13:05,10.88,10.93,10.88,10.91,7119
1129,中材国际,600970,2024-11-11 13:10,10.91,10.96,10.89,10.95,6250
1130,中材国际,600970,2024-11-11 13:15,10.96,10.96,10.93,10.93,4698
1131,中材国际,600970,2024-11-11 13:20,10.93,10.94,10.92,10.94,3124
1132,中材国际,600970,2024-11-11 13:25,10.93,10.97,10.92,10.97,4903
1133,中材国际,600970,2024-11-11 13:30,10.98,10.99,10.95,10.95,5310
1134,中材国际,600970,2024-11-11 13:35,10.96,10.97,10.94,10.94,3600
1135,中材国际,600970,2024-11-11 13:40,10.95,10.97,10.94,10.95,4967
1136,中材国际,600970,2024-11-11 13:45,10.95,10.95,10.92,10.94,4422
1137,中材国际,600970,2024-11-11 13:50,10.94,10.95,10.93,10.94,2986
1138,中材国际,600970,2024-11-11 13:55,10.95,10.95,10.91,10.93,3786
1139,中材国际,600970,2024-11-11 14:00,10.93,10.94,10.92,10.93,2374
1140,中材国际,600970,2024-11-11 14:05,10.93,10.93,10.9,10.9,3137
1141,中材国际,600970,2024-11-11 14:10,10.9,10.91,10.89,10.9,3226
1142,中材国际,600970,2024-11-11 14:15,10.9,10.92,10.9,10.91,2224
1143,中材国际,600970,2024-11-11 14:20,10.91,10.92,10.9,10.9,2655
1144,中材国际,600970,2024-11-11 14:25,10.91,10.92,10.89,10.9,3163
1145,中材国际,600970,2024-11-11 14:30,10.89,10.91,10.89,10.9,3122
1146,中材国际,600970,2024-11-11 14:35,10.9,10.94,10.9,10.94,5846
1147,中材国际,600970,2024-11-11 14:40,10.92,10.94,10.91,10.93,5538
1148,中材国际,600970,2024-11-11 14:45,10.93,10.94,10.92,10.94,3100
1149,中材国际,600970,2024-11-11 14:50,10.94,10.95,10.92,10.94,4258
1150,中材国际,600970,2024-11-11 14:55,10.94,10.96,10.93,10.95,5436
1151,中材国际,600970,2024-11-11 15:00,10.96,10.96,10.94,10.95,5007
1152,中材国际,600970,2024-11-12 09:35,10.94,11.04,10.91,10.98,16076
1153,中材国际,600970,2024-11-12 09:40,10.99,11.07,10.99,11.04,17869
1154,中材国际,600970,2024-11-12 09:45,11.04,11.05,11.0,11.04,13571
1155,中材国际,600970,2024-11-12 09:50,11.05,11.09,10.98,10.98,12077
1156,中材国际,600970,2024-11-12 09:55,10.98,11.03,10.98,11.02,6969
1157,中材国际,600970,2024-11-12 10:00,11.01,11.02,10.97,11.0,6700
1158,中材国际,600970,2024-11-12 10:05,11.01,11.02,10.95,10.97,7139
1159,中材国际,600970,2024-11-12 10:10,10.97,11.02,10.97,11.02,6216
1160,中材国际,600970,2024-11-12 10:15,11.03,11.03,10.97,10.98,6685
1161,中材国际,600970,2024-11-12 10:20,10.99,11.16,10.98,11.15,19135
1162,中材国际,600970,2024-11-12 10:25,11.14,11.18,11.09,11.09,17851
1163,中材国际,600970,2024-11-12 10:30,11.09,11.11,11.06,11.07,3269
1164,中材国际,600970,2024-11-12 10:35,11.07,11.09,11.03,11.03,4739
1165,中材国际,600970,2024-11-12 10:40,11.04,11.04,10.96,10.96,10807
1166,中材国际,600970,2024-11-12 10:45,10.95,10.97,10.95,10.96,9297
1167,中材国际,600970,2024-11-12 10:50,10.95,10.96,10.91,10.92,7950
1168,中材国际,600970,2024-11-12 10:55,10.91,10.94,10.9,10.94,8841
1169,中材国际,600970,2024-11-12 11:00,10.94,10.94,10.92,10.93,2920
1170,中材国际,600970,2024-11-12 11:05,10.92,10.97,10.92,10.97,4318
1171,中材国际,600970,2024-11-12 11:10,10.98,10.98,10.94,10.95,3594
1172,中材国际,600970,2024-11-12 11:15,10.95,10.95,10.94,10.95,1088
1173,中材国际,600970,2024-11-12 11:20,10.95,10.95,10.92,10.93,4468
1174,中材国际,600970,2024-11-12 11:25,10.92,10.97,10.92,10.96,2960
1175,中材国际,600970,2024-11-12 11:30,10.95,10.98,10.94,10.97,3084
1176,中材国际,600970,2024-11-12 13:05,10.98,11.01,10.96,11.0,4001
1177,中材国际,600970,2024-11-12 13:10,10.99,11.01,10.98,11.0,2059
1178,中材国际,600970,2024-11-12 13:15,11.01,11.03,11.0,11.01,3258
1179,中材国际,600970,2024-11-12 13:20,11.01,11.01,10.97,10.99,2047
1180,中材国际,600970,2024-11-12 13:25,10.99,10.99,10.94,10.97,2304
1181,中材国际,600970,2024-11-12 13:30,10.95,10.97,10.92,10.92,4382
1182,中材国际,600970,2024-11-12 13:35,10.92,10.95,10.91,10.92,3486
1183,中材国际,600970,2024-11-12 13:40,10.92,10.92,10.88,10.88,6458
1184,中材国际,600970,2024-11-12 13:45,10.88,10.9,10.86,10.86,4125
1185,中材国际,600970,2024-11-12 13:50,10.86,10.9,10.85,10.89,6670
1186,中材国际,600970,2024-11-12 13:55,10.88,10.92,10.88,10.92,2300
1187,中材国际,600970,2024-11-12 14:00,10.92,10.92,10.89,10.91,2008
1188,中材国际,600970,2024-11-12 14:05,10.9,10.91,10.88,10.89,1567
1189,中材国际,600970,2024-11-12 14:10,10.89,10.9,10.85,10.86,3458
1190,中材国际,600970,2024-11-12 14:15,10.86,10.87,10.85,10.85,5084
1191,中材国际,600970,2024-11-12 14:20,10.84,10.85,10.8,10.81,6798
1192,中材国际,600970,2024-11-12 14:25,10.8,10.86,10.8,10.85,5575
1193,中材国际,600970,2024-11-12 14:30,10.84,10.84,10.81,10.81,3827
1194,中材国际,600970,2024-11-12 14:35,10.82,10.84,10.8,10.8,5174
1195,中材国际,600970,2024-11-12 14:40,10.8,10.81,10.78,10.79,6483
1196,中材国际,600970,2024-11-12 14:45,10.79,10.81,10.78,10.78,3977
1197,中材国际,600970,2024-11-12 14:50,10.78,10.84,10.78,10.83,5879
1198,中材国际,600970,2024-11-12 14:55,10.82,10.86,10.82,10.85,3363
1199,中材国际,600970,2024-11-12 15:00,10.86,10.86,10.84,10.84,3960
1200,中材国际,600970,2024-11-13 09:35,10.8,10.94,10.77,10.91,10254
1201,中材国际,600970,2024-11-13 09:40,10.9,11.01,10.9,11.0,14044
1202,中材国际,600970,2024-11-13 09:45,10.99,11.05,10.91,11.04,14765
1203,中材国际,600970,2024-11-13 09:50,11.05,11.19,11.05,11.18,29738
1204,中材国际,600970,2024-11-13 09:55,11.19,11.2,11.11,11.15,39742
1205,中材国际,600970,2024-11-13 10:00,11.15,11.16,11.06,11.07,21121
1206,中材国际,600970,2024-11-13 10:05,11.07,11.07,11.0,11.0,8444
1207,中材国际,600970,2024-11-13 10:10,11.01,11.03,10.97,11.02,6884
1208,中材国际,600970,2024-11-13 10:15,11.02,11.15,11.01,11.11,12024
1209,中材国际,600970,2024-11-13 10:20,11.1,11.15,11.03,11.03,13982
1210,中材国际,600970,2024-11-13 10:25,11.04,11.04,10.99,11.0,6141
1211,中材国际,600970,2024-11-13 10:30,11.0,11.0,10.98,10.99,4063
1212,中材国际,600970,2024-11-13 10:35,11.0,11.03,10.97,11.03,6127
1213,中材国际,600970,2024-11-13 10:40,11.03,11.05,10.98,10.98,5110
1214,中材国际,600970,2024-11-13 10:45,10.98,11.03,10.98,11.02,4866
1215,中材国际,600970,2024-11-13 10:50,11.02,11.02,10.99,10.99,2166
1216,中材国际,600970,2024-11-13 10:55,11.0,11.0,10.98,11.0,2382
1217,中材国际,600970,2024-11-13 11:00,11.0,11.02,10.99,11.02,2403
1218,中材国际,600970,2024-11-13 11:05,11.0,11.01,10.98,10.98,3958
1219,中材国际,600970,2024-11-13 11:10,10.97,11.0,10.95,10.99,2556
1220,中材国际,600970,2024-11-13 11:15,10.99,11.0,10.98,10.99,659
1221,中材国际,600970,2024-11-13 11:20,10.99,10.99,10.97,10.98,1981
1222,中材国际,600970,2024-11-13 11:25,10.97,10.98,10.95,10.96,2050
1223,中材国际,600970,2024-11-13 11:30,10.95,10.96,10.94,10.96,1723
1224,中材国际,600970,2024-11-13 13:05,10.95,10.99,10.93,10.94,6991
1225,中材国际,600970,2024-11-13 13:10,10.95,10.98,10.94,10.98,1707
1226,中材国际,600970,2024-11-13 13:15,10.98,10.99,10.95,10.96,1591
1227,中材国际,600970,2024-11-13 13:20,10.95,10.95,10.92,10.93,1630
1228,中材国际,600970,2024-11-13 13:25,10.93,10.94,10.92,10.93,1191
1229,中材国际,600970,2024-11-13 13:30,10.93,10.93,10.92,10.92,2187
1230,中材国际,600970,2024-11-13 13:35,10.91,10.93,10.88,10.93,5426
1231,中材国际,600970,2024-11-13 13:40,10.93,10.93,10.88,10.9,2213
1232,中材国际,600970,2024-11-13 13:45,10.9,10.91,10.89,10.9,1684
1233,中材国际,600970,2024-11-13 13:50,10.9,10.9,10.89,10.9,1725
1234,中材国际,600970,2024-11-13 13:55,10.91,10.95,10.9,10.95,2021
1235,中材国际,600970,2024-11-13 14:00,10.95,10.96,10.93,10.95,1691
1236,中材国际,600970,2024-11-13 14:05,10.95,10.98,10.93,10.96,2615
1237,中材国际,600970,2024-11-13 14:10,10.96,10.99,10.94,10.98,3373
1238,中材国际,600970,2024-11-13 14:15,10.98,10.99,10.95,10.97,2115
1239,中材国际,600970,2024-11-13 14:20,10.96,10.97,10.92,10.92,1834
1240,中材国际,600970,2024-11-13 14:25,10.92,10.94,10.92,10.92,1472
1241,中材国际,600970,2024-11-13 14:30,10.93,10.95,10.92,10.92,2401
1242,中材国际,600970,2024-11-13 14:35,10.92,10.92,10.87,10.89,7024
1243,中材国际,600970,2024-11-13 14:40,10.89,10.9,10.88,10.9,2690
1244,中材国际,600970,2024-11-13 14:45,10.9,10.92,10.89,10.92,2518
1245,中材国际,600970,2024-11-13 14:50,10.92,10.93,10.9,10.91,3152
1246,中材国际,600970,2024-11-13 14:55,10.91,10.92,10.9,10.91,3398
1247,中材国际,600970,2024-11-13 15:00,10.91,10.94,10.91,10.93,4002
1248,中材国际,600970,2024-11-14 09:35,10.94,11.01,10.91,11.01,8974
1249,中材国际,600970,2024-11-14 09:40,11.0,11.1,10.97,11.0,14164
1250,中材国际,600970,2024-11-14 09:45,11.02,11.06,11.0,11.01,8575
1251,中材国际,600970,2024-11-14 09:50,11.03,11.09,11.01,11.08,8334
1252,中材国际,600970,2024-11-14 09:55,11.08,11.1,11.01,11.01,10117
1253,中材国际,600970,2024-11-14 10:00,11.03,11.04,11.01,11.02,2860
1254,中材国际,600970,2024-11-14 10:05,11.02,11.03,10.97,10.99,7065
1255,中材国际,600970,2024-11-14 10:10,11.02,11.06,11.02,11.05,4652
1256,中材国际,600970,2024-11-14 10:15,11.05,11.13,11.05,11.11,13777
1257,中材国际,600970,2024-11-14 10:20,11.11,11.13,11.08,11.08,8291
1258,中材国际,600970,2024-11-14 10:25,11.09,11.09,11.06,11.07,5714
1259,中材国际,600970,2024-11-14 10:30,11.08,11.18,11.05,11.18,22077
1260,中材国际,600970,2024-11-14 10:35,11.18,11.19,11.14,11.15,11864
1261,中材国际,600970,2024-11-14 10:40,11.16,11.16,11.1,11.11,6199
1262,中材国际,600970,2024-11-14 10:45,11.11,11.11,11.07,11.08,4333
1263,中材国际,600970,2024-11-14 10:50,11.07,11.09,11.03,11.04,4392
1264,中材国际,600970,2024-11-14 10:55,11.04,11.07,11.03,11.03,2460
1265,中材国际,600970,2024-11-14 11:00,11.03,11.05,11.02,11.05,2057
1266,中材国际,600970,2024-11-14 11:05,11.04,11.06,11.03,11.05,2308
1267,中材国际,600970,2024-11-14 11:10,11.04,11.07,11.03,11.06,1983
1268,中材国际,600970,2024-11-14 11:15,11.06,11.1,11.06,11.09,2116
1269,中材国际,600970,2024-11-14 11:20,11.09,11.09,11.03,11.04,2773
1270,中材国际,600970,2024-11-14 11:25,11.04,11.06,11.03,11.06,2062
1271,中材国际,600970,2024-11-14 11:30,11.06,11.07,11.05,11.05,1516
1272,中材国际,600970,2024-11-14 13:05,11.05,11.1,11.0,11.05,7293
1273,中材国际,600970,2024-11-14 13:10,11.03,11.05,10.99,10.99,7050
1274,中材国际,600970,2024-11-14 13:15,11.01,11.04,10.98,11.01,3414
1275,中材国际,600970,2024-11-14 13:20,11.01,11.02,10.99,11.0,2697
1276,中材国际,600970,2024-11-14 13:25,11.0,11.02,10.99,11.02,1260
1277,中材国际,600970,2024-11-14 13:30,11.02,11.02,10.99,10.99,1987
1278,中材国际,600970,2024-11-14 13:35,11.0,11.01,10.97,10.99,2520
1279,中材国际,600970,2024-11-14 13:40,10.99,11.01,10.98,11.01,2534
1280,中材国际,600970,2024-11-14 13:45,11.01,11.01,10.98,10.98,3367
1281,中材国际,600970,2024-11-14 13:50,10.99,11.03,10.98,11.01,2627
1282,中材国际,600970,2024-11-14 13:55,11.02,11.03,10.97,10.98,5262
1283,中材国际,600970,2024-11-14 14:00,10.99,10.99,10.97,10.98,2042
1284,中材国际,600970,2024-11-14 14:05,10.98,10.99,10.96,10.96,2175
1285,中材国际,600970,2024-11-14 14:10,10.96,10.97,10.94,10.94,3166
1286,中材国际,600970,2024-11-14 14:15,10.95,10.97,10.92,10.94,5201
1287,中材国际,600970,2024-11-14 14:20,10.94,10.94,10.9,10.9,4418
1288,中材国际,600970,2024-11-14 14:25,10.9,10.93,10.89,10.9,4718
1289,中材国际,600970,2024-11-14 14:30,10.9,10.92,10.88,10.92,4008
1290,中材国际,600970,2024-11-14 14:35,10.93,10.94,10.89,10.9,5617
1291,中材国际,600970,2024-11-14 14:40,10.9,10.9,10.87,10.87,5419
1292,中材国际,600970,2024-11-14 14:45,10.87,10.91,10.87,10.89,5214
1293,中材国际,600970,2024-11-14 14:50,10.89,10.92,10.88,10.88,10347
1294,中材国际,600970,2024-11-14 14:55,10.89,10.89,10.85,10.87,5556
1295,中材国际,600970,2024-11-14 15:00,10.85,10.89,10.85,10.88,3749
1296,中材国际,600970,2024-11-15 09:35,10.79,11.22,10.78,11.1,35979
1297,中材国际,600970,2024-11-15 09:40,11.12,11.18,11.0,11.02,19358
1298,中材国际,600970,2024-11-15 09:45,11.02,11.05,10.98,10.99,9183
1299,中材国际,600970,2024-11-15 09:50,11.0,11.01,10.95,10.98,8327
1300,中材国际,600970,2024-11-15 09:55,10.98,11.0,10.96,10.98,5299
1301,中材国际,600970,2024-11-15 10:00,10.99,11.12,10.98,11.05,7893
1302,中材国际,600970,2024-11-15 10:05,11.04,11.1,11.02,11.06,6144
1303,中材国际,600970,2024-11-15 10:10,11.07,11.14,11.06,11.13,9655
1304,中材国际,600970,2024-11-15 10:15,11.13,11.15,11.06,11.12,10652
1305,中材国际,600970,2024-11-15 10:20,11.11,11.15,11.11,11.14,7737
1306,中材国际,600970,2024-11-15 10:25,11.13,11.18,11.08,11.09,11838
1307,中材国际,600970,2024-11-15 10:30,11.09,11.12,11.08,11.09,2770
1308,中材国际,600970,2024-11-15 10:35,11.09,11.09,11.04,11.07,5922
1309,中材国际,600970,2024-11-15 10:40,11.07,11.08,11.04,11.05,2384
1310,中材国际,600970,2024-11-15 10:45,11.05,11.09,11.03,11.07,1809
1311,中材国际,600970,2024-11-15 10:50,11.07,11.09,11.05,11.06,1991
1312,中材国际,600970,2024-11-15 10:55,11.06,11.08,11.05,11.06,1745
1313,中材国际,600970,2024-11-15 11:00,11.05,11.07,11.03,11.04,1325
1314,中材国际,600970,2024-11-15 11:05,11.05,11.06,10.98,10.99,3674
1315,中材国际,600970,2024-11-15 11:10,10.99,11.0,10.98,10.98,2010
1316,中材国际,600970,2024-11-15 11:15,10.98,10.98,10.94,10.94,4770
1317,中材国际,600970,2024-11-15 11:20,10.95,10.97,10.93,10.97,2316
1318,中材国际,600970,2024-11-15 11:25,10.95,10.96,10.93,10.94,2712
1319,中材国际,600970,2024-11-15 11:30,10.94,10.96,10.91,10.95,3116
1320,中材国际,600970,2024-11-15 13:05,10.94,10.99,10.94,10.99,2678
1321,中材国际,600970,2024-11-15 13:10,10.99,11.0,10.95,10.97,2426
1322,中材国际,600970,2024-11-15 13:15,10.97,10.99,10.96,10.98,983
1323,中材国际,600970,2024-11-15 13:20,10.98,11.0,10.96,10.99,1235
1324,中材国际,600970,2024-11-15 13:25,10.99,11.03,10.98,11.01,3044
1325,中材国际,600970,2024-11-15 13:30,11.03,11.04,11.01,11.02,992
1326,中材国际,600970,2024-11-15 13:35,11.03,11.06,11.02,11.04,3811
1327,中材国际,600970,2024-11-15 13:40,11.04,11.05,11.0,11.0,1444
1328,中材国际,600970,2024-11-15 13:45,11.0,11.01,10.98,11.0,1964
1329,中材国际,600970,2024-11-15 13:50,10.99,11.01,10.99,11.01,1819
1330,中材国际,600970,2024-11-15 13:55,11.0,11.02,10.96,10.98,1883
1331,中材国际,600970,2024-11-15 14:00,10.98,10.99,10.97,10.97,1789
1332,中材国际,600970,2024-11-15 14:05,10.97,10.98,10.95,10.95,2179
1333,中材国际,600970,2024-11-15 14:10,10.95,10.97,10.94,10.95,2439
1334,中材国际,600970,2024-11-15 14:15,10.94,10.99,10.94,10.99,1968
1335,中材国际,600970,2024-11-15 14:20,10.99,10.99,10.94,10.96,1788
1336,中材国际,600970,2024-11-15 14:25,10.96,10.97,10.94,10.97,2480
1337,中材国际,600970,2024-11-15 14:30,10.95,10.97,10.93,10.94,3701
1338,中材国际,600970,2024-11-15 14:35,10.94,10.95,10.92,10.94,6249
1339,中材国际,600970,2024-11-15 14:40,10.94,10.96,10.9,10.92,5341
1340,中材国际,600970,2024-11-15 14:45,10.92,10.93,10.89,10.9,2781
1341,中材国际,600970,2024-11-15 14:50,10.91,10.91,10.87,10.87,6466
1342,中材国际,600970,2024-11-15 14:55,10.87,10.89,10.86,10.87,6370
1343,中材国际,600970,2024-11-15 15:00,10.88,10.88,10.86,10.86,3686
1344,中材国际,600970,2024-11-18 09:35,11.06,11.16,10.96,10.99,17101
1345,中材国际,600970,2024-11-18 09:40,10.97,11.02,10.92,10.94,12220
1346,中材国际,600970,2024-11-18 09:45,10.95,10.98,10.9,10.9,8153
1347,中材国际,600970,2024-11-18 09:50,10.92,10.96,10.85,10.94,10003
1348,中材国际,600970,2024-11-18 09:55,10.95,11.09,10.94,11.09,12455
1349,中材国际,600970,2024-11-18 10:00,11.09,11.16,11.05,11.05,20607
1350,中材国际,600970,2024-11-18 10:05,11.05,11.06,10.97,11.01,5852
1351,中材国际,600970,2024-11-18 10:10,11.0,11.08,11.0,11.08,9110
1352,中材国际,600970,2024-11-18 10:15,11.06,11.13,11.05,11.12,10095
1353,中材国际,600970,2024-11-18 10:20,11.12,11.12,11.07,11.11,9661
1354,中材国际,600970,2024-11-18 10:25,11.12,11.15,11.11,11.12,12558
1355,中材国际,600970,2024-11-18 10:30,11.14,11.18,11.12,11.12,19475
1356,中材国际,600970,2024-11-18 10:35,11.12,11.13,11.06,11.07,4090
1357,中材国际,600970,2024-11-18 10:40,11.06,11.1,11.05,11.08,2576
1358,中材国际,600970,2024-11-18 10:45,11.08,11.08,11.0,11.0,8767
1359,中材国际,600970,2024-11-18 10:50,11.0,11.01,10.97,10.98,8056
1360,中材国际,600970,2024-11-18 10:55,10.99,11.02,10.96,11.02,3975
1361,中材国际,600970,2024-11-18 11:00,11.02,11.04,11.0,11.03,3065
1362,中材国际,600970,2024-11-18 11:05,11.02,11.04,10.96,10.97,2896
1363,中材国际,600970,2024-11-18 11:10,10.97,10.98,10.95,10.97,2694
1364,中材国际,600970,2024-11-18 11:15,10.97,11.0,10.96,10.99,1653
1365,中材国际,600970,2024-11-18 11:20,10.99,11.0,10.96,10.97,2074
1366,中材国际,600970,2024-11-18 11:25,10.96,11.01,10.96,11.0,1587
1367,中材国际,600970,2024-11-18 11:30,11.0,11.03,11.0,11.03,1179
1368,中材国际,600970,2024-11-18 13:05,11.01,11.08,11.0,11.01,7853
1369,中材国际,600970,2024-11-18 13:10,11.01,11.06,11.0,11.03,2043
1370,中材国际,600970,2024-11-18 13:15,11.02,11.03,10.98,10.98,2185
1371,中材国际,600970,2024-11-18 13:20,11.0,11.0,10.97,10.98,2889
1372,中材国际,600970,2024-11-18 13:25,10.98,10.99,10.97,10.98,1693
1373,中材国际,600970,2024-11-18 13:30,10.98,10.99,10.96,10.97,3005
1374,中材国际,600970,2024-11-18 13:35,10.96,10.97,10.91,10.92,4470
1375,中材国际,600970,2024-11-18 13:40,10.92,10.93,10.9,10.91,3273
1376,中材国际,600970,2024-11-18 13:45,10.91,10.92,10.89,10.9,3897
1377,中材国际,600970,2024-11-18 13:50,10.9,10.91,10.86,10.88,6689
1378,中材国际,600970,2024-11-18 13:55,10.88,10.88,10.85,10.86,4658
1379,中材国际,600970,2024-11-18 14:00,10.87,10.88,10.83,10.83,5537
1380,中材国际,600970,2024-11-18 14:05,10.83,10.83,10.8,10.82,9191
1381,中材国际,600970,2024-11-18 14:10,10.82,10.83,10.78,10.79,6482
1382,中材国际,600970,2024-11-18 14:15,10.79,10.82,10.75,10.81,6115
1383,中材国际,600970,2024-11-18 14:20,10.82,10.84,10.79,10.84,6650
1384,中材国际,600970,2024-11-18 14:25,10.84,10.89,10.82,10.88,4972
1385,中材国际,600970,2024-11-18 14:30,10.88,10.9,10.86,10.88,2802
1386,中材国际,600970,2024-11-18 14:35,10.88,10.9,10.85,10.87,4425
1387,中材国际,600970,2024-11-18 14:40,10.86,10.88,10.83,10.85,4739
1388,中材国际,600970,2024-11-18 14:45,10.84,10.85,10.81,10.83,3416
1389,中材国际,600970,2024-11-18 14:50,10.82,10.83,10.8,10.81,3958
1390,中材国际,600970,2024-11-18 14:55,10.81,10.86,10.8,10.84,5366
1391,中材国际,600970,2024-11-18 15:00,10.86,10.88,10.84,10.85,3369
1392,中材国际,600970,2024-11-19 09:35,10.81,10.82,10.6,10.7,22845
1393,中材国际,600970,2024-11-19 09:40,10.7,10.76,10.64,10.76,11352
1394,中材国际,600970,2024-11-19 09:45,10.76,10.78,10.69,10.74,8815
1395,中材国际,600970,2024-11-19 09:50,10.75,10.75,10.68,10.68,7306
1396,中材国际,600970,2024-11-19 09:55,10.68,10.7,10.65,10.68,7003
1397,中材国际,600970,2024-11-19 10:00,10.68,10.72,10.64,10.64,10241
1398,中材国际,600970,2024-11-19 10:05,10.64,10.69,10.64,10.64,3719
1399,中材国际,600970,2024-11-19 10:10,10.66,10.66,10.6,10.63,7459
1400,中材国际,600970,2024-11-19 10:15,10.62,10.66,10.61,10.63,5255
1401,中材国际,600970,2024-11-19 10:20,10.63,10.65,10.61,10.61,4088
1402,中材国际,600970,2024-11-19 10:25,10.63,10.64,10.61,10.64,3006
1403,中材国际,600970,2024-11-19 10:30,10.63,10.64,10.62,10.62,1371
1404,中材国际,600970,2024-11-19 10:35,10.63,10.63,10.55,10.55,6050
1405,中材国际,600970,2024-11-19 10:40,10.56,10.58,10.54,10.57,7948
1406,中材国际,600970,2024-11-19 10:45,10.57,10.58,10.53,10.54,5572
1407,中材国际,600970,2024-11-19 10:50,10.53,10.59,10.53,10.58,2809
1408,中材国际,600970,2024-11-19 10:55,10.58,10.6,10.56,10.59,3481
1409,中材国际,600970,2024-11-19 11:00,10.59,10.6,10.57,10.6,2134
1410,中材国际,600970,2024-11-19 11:05,10.59,10.62,10.58,10.62,2511
1411,中材国际,600970,2024-11-19 11:10,10.62,10.62,10.58,10.6,1163
1412,中材国际,600970,2024-11-19 11:15,10.59,10.59,10.55,10.56,2693
1413,中材国际,600970,2024-11-19 11:20,10.56,10.56,10.52,10.55,3545
1414,中材国际,600970,2024-11-19 11:25,10.55,10.58,10.54,10.57,528
1415,中材国际,600970,2024-11-19 11:30,10.58,10.58,10.53,10.54,2725
1416,中材国际,600970,2024-11-19 13:05,10.55,10.56,10.52,10.52,3088
1417,中材国际,600970,2024-11-19 13:10,10.52,10.52,10.48,10.49,10468
1418,中材国际,600970,2024-11-19 13:15,10.49,10.51,10.48,10.49,5438
1419,中材国际,600970,2024-11-19 13:20,10.48,10.53,10.48,10.5,3255
1420,中材国际,600970,2024-11-19 13:25,10.49,10.52,10.48,10.51,1910
1421,中材国际,600970,2024-11-19 13:30,10.51,10.53,10.5,10.52,1754
1422,中材国际,600970,2024-11-19 13:35,10.52,10.53,10.47,10.47,3155
1423,中材国际,600970,2024-11-19 13:40,10.47,10.5,10.47,10.5,2369
1424,中材国际,600970,2024-11-19 13:45,10.5,10.51,10.48,10.48,1694
1425,中材国际,600970,2024-11-19 13:50,10.48,10.49,10.45,10.46,3080
1426,中材国际,600970,2024-11-19 13:55,10.46,10.47,10.45,10.47,3370
1427,中材国际,600970,2024-11-19 14:00,10.47,10.52,10.47,10.51,2867
1428,中材国际,600970,2024-11-19 14:05,10.51,10.56,10.51,10.53,3465
1429,中材国际,600970,2024-11-19 14:10,10.53,10.57,10.52,10.53,4475
1430,中材国际,600970,2024-11-19 14:15,10.53,10.56,10.51,10.52,2987
1431,中材国际,600970,2024-11-19 14:20,10.51,10.56,10.51,10.55,3169
1432,中材国际,600970,2024-11-19 14:25,10.56,10.59,10.55,10.58,5711
1433,中材国际,600970,2024-11-19 14:30,10.57,10.59,10.57,10.58,2632
1434,中材国际,600970,2024-11-19 14:35,10.59,10.62,10.56,10.57,6436
1435,中材国际,600970,2024-11-19 14:40,10.57,10.6,10.57,10.58,4879
1436,中材国际,600970,2024-11-19 14:45,10.58,10.59,10.55,10.56,4262
1437,中材国际,600970,2024-11-19 14:50,10.56,10.59,10.55,10.59,3671
1438,中材国际,600970,2024-11-19 14:55,10.59,10.62,10.58,10.61,5638
1439,中材国际,600970,2024-11-19 15:00,10.61,10.61,10.59,10.6,4868
1440,中材国际,600970,2024-11-20 09:35,10.68,10.8,10.61,10.65,31260
1441,中材国际,600970,2024-11-20 09:40,10.65,10.68,10.61,10.65,9628
1442,中材国际,600970,2024-11-20 09:45,10.65,10.67,10.63,10.64,4782
1443,中材国际,600970,2024-11-20 09:50,10.65,10.71,10.64,10.66,4868
1444,中材国际,600970,2024-11-20 09:55,10.67,10.67,10.58,10.58,7265
1445,中材国际,600970,2024-11-20 10:00,10.59,10.59,10.56,10.57,3158
1446,中材国际,600970,2024-11-20 10:05,10.57,10.61,10.56,10.6,3294
1447,中材国际,600970,2024-11-20 10:10,10.6,10.61,10.59,10.61,3030
1448,中材国际,600970,2024-11-20 10:15,10.6,10.63,10.6,10.62,2072
1449,中材国际,600970,2024-11-20 10:20,10.62,10.63,10.58,10.61,2912
1450,中材国际,600970,2024-11-20 10:25,10.62,10.62,10.59,10.62,1144
1451,中材国际,600970,2024-11-20 10:30,10.61,10.62,10.56,10.56,4445
1452,中材国际,600970,2024-11-20 10:35,10.57,10.6,10.55,10.56,3700
1453,中材国际,600970,2024-11-20 10:40,10.55,10.56,10.52,10.52,4273
1454,中材国际,600970,2024-11-20 10:45,10.53,10.55,10.51,10.53,3803
1455,中材国际,600970,2024-11-20 10:50,10.53,10.55,10.52,10.53,2680
1456,中材国际,600970,2024-11-20 10:55,10.53,10.57,10.52,10.56,1852
1457,中材国际,600970,2024-11-20 11:00,10.56,10.57,10.54,10.57,1187
1458,中材国际,600970,2024-11-20 11:05,10.57,10.58,10.56,10.57,1437
1459,中材国际,600970,2024-11-20 11:10,10.58,10.59,10.56,10.56,3117
1460,中材国际,600970,2024-11-20 11:15,10.57,10.58,10.55,10.55,2460
1461,中材国际,600970,2024-11-20 11:20,10.55,10.59,10.55,10.57,1496
1462,中材国际,600970,2024-11-20 11:25,10.58,10.59,10.57,10.58,1148
1463,中材国际,600970,2024-11-20 11:30,10.58,10.61,10.58,10.6,1864
1464,中材国际,600970,2024-11-20 13:05,10.61,10.62,10.57,10.6,3844
1465,中材国际,600970,2024-11-20 13:10,10.6,10.61,10.59,10.6,1806
1466,中材国际,600970,2024-11-20 13:15,10.59,10.63,10.59,10.63,4120
1467,中材国际,600970,2024-11-20 13:20,10.63,10.64,10.61,10.61,3572
1468,中材国际,600970,2024-11-20 13:25,10.62,10.62,10.61,10.62,1666
1469,中材国际,600970,2024-11-20 13:30,10.62,10.65,10.61,10.64,4160
1470,中材国际,600970,2024-11-20 13:35,10.63,10.69,10.62,10.69,7316
1471,中材国际,600970,2024-11-20 13:40,10.68,10.68,10.65,10.66,2761
1472,中材国际,600970,2024-11-20 13:45,10.66,10.69,10.65,10.65,2804
1473,中材国际,600970,2024-11-20 13:50,10.64,10.64,10.6,10.61,3035
1474,中材国际,600970,2024-11-20 13:55,10.61,10.63,10.6,10.63,1765
1475,中材国际,600970,2024-11-20 14:00,10.62,10.64,10.61,10.62,1200
1476,中材国际,600970,2024-11-20 14:05,10.62,10.62,10.59,10.62,2602
1477,中材国际,600970,2024-11-20 14:10,10.61,10.63,10.6,10.6,1785
1478,中材国际,600970,2024-11-20 14:15,10.61,10.62,10.59,10.6,3461
1479,中材国际,600970,2024-11-20 14:20,10.6,10.6,10.57,10.59,3748
1480,中材国际,600970,2024-11-20 14:25,10.58,10.61,10.57,10.59,2938
1481,中材国际,600970,2024-11-20 14:30,10.6,10.63,10.6,10.62,3013
1482,中材国际,600970,2024-11-20 14:35,10.63,10.64,10.62,10.63,2142
1483,中材国际,600970,2024-11-20 14:40,10.64,10.65,10.62,10.64,4268
1484,中材国际,600970,2024-11-20 14:45,10.62,10.68,10.61,10.68,6675
1485,中材国际,600970,2024-11-20 14:50,10.68,10.7,10.67,10.69,5940
1486,中材国际,600970,2024-11-20 14:55,10.7,10.7,10.68,10.7,8787
1487,中材国际,600970,2024-11-20 15:00,10.69,10.7,10.67,10.68,4776
